id,name,first_name,sexe,phone_number,address,email,last_school_name
1,Name 1,First name 1,mal,72803037,Bambari – Secteur,mapoukacyr@gmail.com,LAENS
,Name 2,First name 2,mal,72803038,Bambari – Secteur,mapoukacyr@gmail.com,LAENS
,Name 3,First name 3,mal,72803039,Bambari – Secteur,mapoukacyr@gmail.com,LAENS
,Name 4,First name 4,mal,72803040,Bambari – Secteur,mapoukacyr@gmail.com,LAENS
,Name 5,First name 5,mal,72803041,Bambari – Secteur,mapoukacyr@gmail.com,LAENS
,Name 6,First name 6,mal,72803042,Bambari – Secteur,mapoukacyr@gmail.com,LAENS
,Name 7,First name 7,mal,72803043,Bambari – Secteur,mapoukacyr@gmail.com,LAENS
,Name 8,First name 8,mal,72803044,Bambari – Secteur,mapoukacyr@gmail.com,LAENS
,Name 9,First name 9,mal,72803045,Bambari – Secteur,mapoukacyr@gmail.com,LAENS
,Name 10,First name 10,mal,72803046,Bambari – Secteur,mapoukacyr@gmail.com,LAENS
,Name 11,First name 11,mal,72803047,Bambari – Secteur,mapoukacyr@gmail.com,LAENS
,Name 12,First name 12,mal,72803048,Bambari – Secteur,mapoukacyr@gmail.com,LAENS
,Name 13,First name 13,mal,72803049,Bambari – Secteur,mapoukacyr@gmail.com,LAENS
,Name 14,First name 14,mal,72803050,Bambari – Secteur,mapoukacyr@gmail.com,LAENS
,Name 15,First name 15,mal,72803051,Bambari – Secteur,mapoukacyr@gmail.com,LAENS
,Name 16,First name 16,mal,72803052,Bambari – Secteur,mapoukacyr@gmail.com,LAENS
,Name 17,First name 17,mal,72803053,Bambari – Secteur,mapoukacyr@gmail.com,LAENS
,Name 18,First name 18,mal,72803054,Bambari – Secteur,mapoukacyr@gmail.com,LAENS
,Name 19,First name 19,mal,72803055,Bambari – Secteur,mapoukacyr@gmail.com,LAENS
,Name 20,First name 20,mal,72803056,Bambari – Secteur,mapoukacyr@gmail.com,LAENS
,Name 21,First name 21,mal,72803057,Bambari – Secteur,mapoukacyr@gmail.com,LAENS
,Name 22,First name 22,mal,72803058,Bambari – Secteur,mapoukacyr@gmail.com,LAENS
,Name 23,First name 23,mal,72803059,Bambari – Secteur,mapoukacyr@gmail.com,LAENS
,Name 24,First name 24,mal,72803060,Bambari – Secteur,mapoukacyr@gmail.com,LAENS
,Name 25,First name 25,mal,72803061,Bambari – Secteur,mapoukacyr@gmail.com,LAENS
,Name 26,First name 26,mal,72803062,Bambari – Secteur,mapoukacyr@gmail.com,LAENS
,Name 27,First name 27,mal,72803063,Bambari – Secteur,mapoukacyr@gmail.com,LAENS
,Name 28,First name 28,mal,72803064,Bambari – Secteur,mapoukacyr@gmail.com,LAENS
,Name 29,First name 29,mal,72803065,Bambari – Secteur,mapoukacyr@gmail.com,LAENS
,Name 30,First name 30,mal,72803066,Bambari – Secteur,mapoukacyr@gmail.com,LAENS
,Name 31,First name 31,mal,72803067,Bambari – Secteur,mapoukacyr@gmail.com,LAENS
,Name 32,First name 32,mal,72803068,Bambari – Secteur,mapoukacyr@gmail.com,LAENS
,Name 33,First name 33,mal,72803069,Bambari – Secteur,mapoukacyr@gmail.com,LAENS
,Name 34,First name 34,mal,72803070,Bambari – Secteur,mapoukacyr@gmail.com,LAENS
,Name 35,First name 35,mal,72803071,Bambari – Secteur,mapoukacyr@gmail.com,LAENS
,Name 36,First name 36,mal,72803072,Bambari – Secteur,mapoukacyr@gmail.com,LAENS
,Name 37,First name 37,mal,72803073,Bambari – Secteur,mapoukacyr@gmail.com,LAENS
,Name 38,First name 38,mal,72803074,Bambari – Secteur,mapoukacyr@gmail.com,LAENS
,Name 39,First name 39,mal,72803075,Bambari – Secteur,mapoukacyr@gmail.com,LAENS
,Name 40,First name 40,mal,72803076,Bambari – Secteur,mapoukacyr@gmail.com,LAENS
,Name 41,First name 41,mal,72803077,Bambari – Secteur,mapoukacyr@gmail.com,LAENS
,Name 42,First name 42,mal,72803078,Bambari – Secteur,mapoukacyr@gmail.com,LAENS
,Name 43,First name 43,mal,72803079,Bambari – Secteur,mapoukacyr@gmail.com,LAENS
,Name 44,First name 44,mal,72803080,Bambari – Secteur,mapoukacyr@gmail.com,LAENS
,Name 45,First name 45,mal,72803081,Bambari – Secteur,mapoukacyr@gmail.com,LAENS
,Name 46,First name 46,mal,72803082,Bambari – Secteur,mapoukacyr@gmail.com,LAENS
,Name 47,First name 47,mal,72803083,Bambari – Secteur,mapoukacyr@gmail.com,LAENS
,Name 48,First name 48,mal,72803084,Bambari – Secteur,mapoukacyr@gmail.com,LAENS
,Name 49,First name 49,mal,72803085,Bambari – Secteur,mapoukacyr@gmail.com,LAENS
,Name 50,First name 50,mal,72803086,Bambari – Secteur,mapoukacyr@gmail.com,LAENS
,Name 51,First name 51,mal,72803087,Bambari – Secteur,mapoukacyr@gmail.com,LAENS
,Name 52,First name 52,mal,72803088,Bambari – Secteur,mapoukacyr@gmail.com,LAENS
,Name 53,First name 53,mal,72803089,Bambari – Secteur,mapoukacyr@gmail.com,LAENS
,Name 54,First name 54,mal,72803090,Bambari – Secteur,mapoukacyr@gmail.com,LAENS
,Name 55,First name 55,mal,72803091,Bambari – Secteur,mapoukacyr@gmail.com,LAENS
,Name 56,First name 56,mal,72803092,Bambari – Secteur,mapoukacyr@gmail.com,LAENS
,Name 57,First name 57,mal,72803093,Bambari – Secteur,mapoukacyr@gmail.com,LAENS
,Name 58,First name 58,mal,72803094,Bambari – Secteur,mapoukacyr@gmail.com,LAENS
,Name 59,First name 59,mal,72803095,Bambari – Secteur,mapoukacyr@gmail.com,LAENS
,Name 60,First name 60,mal,72803096,Bambari – Secteur,mapoukacyr@gmail.com,LAENS
,Name 61,First name 61,mal,72803097,Bambari – Secteur,mapoukacyr@gmail.com,LAENS
,Name 62,First name 62,mal,72803098,Bambari – Secteur,mapoukacyr@gmail.com,LAENS
,Name 63,First name 63,mal,72803099,Bambari – Secteur,mapoukacyr@gmail.com,LAENS
,Name 64,First name 64,mal,72803100,Bambari – Secteur,mapoukacyr@gmail.com,LAENS
,Name 65,First name 65,mal,72803101,Bambari – Secteur,mapoukacyr@gmail.com,LAENS
,Name 66,First name 66,mal,72803102,Bambari – Secteur,mapoukacyr@gmail.com,LAENS
,Name 67,First name 67,mal,72803103,Bambari – Secteur,mapoukacyr@gmail.com,LAENS
,Name 68,First name 68,mal,72803104,Bambari – Secteur,mapoukacyr@gmail.com,LAENS
,Name 69,First name 69,mal,72803105,Bambari – Secteur,mapoukacyr@gmail.com,LAENS
,Name 70,First name 70,mal,72803106,Bambari – Secteur,mapoukacyr@gmail.com,LAENS
,Name 71,First name 71,mal,72803107,Bambari – Secteur,mapoukacyr@gmail.com,LAENS
,Name 72,First name 72,mal,72803108,Bambari – Secteur,mapoukacyr@gmail.com,LAENS
,Name 73,First name 73,mal,72803109,Bambari – Secteur,mapoukacyr@gmail.com,LAENS
,Name 74,First name 74,mal,72803110,Bambari – Secteur,mapoukacyr@gmail.com,LAENS
,Name 75,First name 75,mal,72803111,Bambari – Secteur,mapoukacyr@gmail.com,LAENS
,Name 76,First name 76,mal,72803112,Bambari – Secteur,mapoukacyr@gmail.com,LAENS
,Name 77,First name 77,mal,72803113,Bambari – Secteur,mapoukacyr@gmail.com,LAENS
,Name 78,First name 78,mal,72803114,Bambari – Secteur,mapoukacyr@gmail.com,LAENS
,Name 79,First name 79,mal,72803115,Bambari – Secteur,mapoukacyr@gmail.com,LAENS
,Name 80,First name 80,mal,72803116,Bambari – Secteur,mapoukacyr@gmail.com,LAENS
,Name 81,First name 81,mal,72803117,Bambari – Secteur,mapoukacyr@gmail.com,LAENS
,Name 82,First name 82,mal,72803118,Bambari – Secteur,mapoukacyr@gmail.com,LAENS
,Name 83,First name 83,mal,72803119,Bambari – Secteur,mapoukacyr@gmail.com,LAENS
,Name 84,First name 84,mal,72803120,Bambari – Secteur,mapoukacyr@gmail.com,LAENS
,Name 85,First name 85,mal,72803121,Bambari – Secteur,mapoukacyr@gmail.com,LAENS
,Name 86,First name 86,mal,72803122,Bambari – Secteur,mapoukacyr@gmail.com,LAENS
,Name 87,First name 87,mal,72803123,Bambari – Secteur,mapoukacyr@gmail.com,LAENS
,Name 88,First name 88,mal,72803124,Bambari – Secteur,mapoukacyr@gmail.com,LAENS
,Name 89,First name 89,mal,72803125,Bambari – Secteur,mapoukacyr@gmail.com,LAENS
,Name 90,First name 90,mal,72803126,Bambari – Secteur,mapoukacyr@gmail.com,LAENS
,Name 91,First name 91,mal,72803127,Bambari – Secteur,mapoukacyr@gmail.com,LAENS
,Name 92,First name 92,mal,72803128,Bambari – Secteur,mapoukacyr@gmail.com,LAENS
,Name 93,First name 93,mal,72803129,Bambari – Secteur,mapoukacyr@gmail.com,LAENS
,Name 94,First name 94,mal,72803130,Bambari – Secteur,mapoukacyr@gmail.com,LAENS
,Name 95,First name 95,mal,72803131,Bambari – Secteur,mapoukacyr@gmail.com,LAENS
,Name 96,First name 96,mal,72803132,Bambari – Secteur,mapoukacyr@gmail.com,LAENS
,Name 97,First name 97,mal,72803133,Bambari – Secteur,mapoukacyr@gmail.com,LAENS
,Name 98,First name 98,mal,72803134,Bambari – Secteur,mapoukacyr@gmail.com,LAENS
,Name 99,First name 99,mal,72803135,Bambari – Secteur,mapoukacyr@gmail.com,LAENS
,Name 100,First name 100,mal,72803136,Bambari – Secteur,mapoukacyr@gmail.com,LAENS
,Name 101,First name 101,mal,72803137,Bambari – Secteur,mapoukacyr@gmail.com,LAENS
,Name 102,First name 102,mal,72803138,Bambari – Secteur,mapoukacyr@gmail.com,LAENS
,Name 103,First name 103,mal,72803139,Bambari – Secteur,mapoukacyr@gmail.com,LAENS
,Name 104,First name 104,mal,72803140,Bambari – Secteur,mapoukacyr@gmail.com,LAENS
,Name 105,First name 105,mal,72803141,Bambari – Secteur,mapoukacyr@gmail.com,LAENS
,Name 106,First name 106,mal,72803142,Bambari – Secteur,mapoukacyr@gmail.com,LAENS
,Name 107,First name 107,mal,72803143,Bambari – Secteur,mapoukacyr@gmail.com,LAENS
,Name 108,First name 108,mal,72803144,Bambari – Secteur,mapoukacyr@gmail.com,LAENS
,Name 109,First name 109,mal,72803145,Bambari – Secteur,mapoukacyr@gmail.com,LAENS
,Name 110,First name 110,mal,72803146,Bambari – Secteur,mapoukacyr@gmail.com,LAENS
,Name 111,First name 111,mal,72803147,Bambari – Secteur,mapoukacyr@gmail.com,LAENS
,Name 112,First name 112,mal,72803148,Bambari – Secteur,mapoukacyr@gmail.com,LAENS
,Name 113,First name 113,mal,72803149,Bambari – Secteur,mapoukacyr@gmail.com,LAENS
,Name 114,First name 114,mal,72803150,Bambari – Secteur,mapoukacyr@gmail.com,LAENS
,Name 115,First name 115,mal,72803151,Bambari – Secteur,mapoukacyr@gmail.com,LAENS
,Name 116,First name 116,mal,72803152,Bambari – Secteur,mapoukacyr@gmail.com,LAENS
,Name 117,First name 117,mal,72803153,Bambari – Secteur,mapoukacyr@gmail.com,LAENS
,Name 118,First name 118,mal,72803154,Bambari – Secteur,mapoukacyr@gmail.com,LAENS
,Name 119,First name 119,mal,72803155,Bambari – Secteur,mapoukacyr@gmail.com,LAENS
,Name 120,First name 120,mal,72803156,Bambari – Secteur,mapoukacyr@gmail.com,LAENS
,Name 121,First name 121,mal,72803157,Bambari – Secteur,mapoukacyr@gmail.com,LAENS
,Name 122,First name 122,mal,72803158,Bambari – Secteur,mapoukacyr@gmail.com,LAENS
,Name 123,First name 123,mal,72803159,Bambari – Secteur,mapoukacyr@gmail.com,LAENS
,Name 124,First name 124,mal,72803160,Bambari – Secteur,mapoukacyr@gmail.com,LAENS
,Name 125,First name 125,mal,72803161,Bambari – Secteur,mapoukacyr@gmail.com,LAENS
,Name 126,First name 126,mal,72803162,Bambari – Secteur,mapoukacyr@gmail.com,LAENS
,Name 127,First name 127,mal,72803163,Bambari – Secteur,mapoukacyr@gmail.com,LAENS
,Name 128,First name 128,mal,72803164,Bambari – Secteur,mapoukacyr@gmail.com,LAENS
,Name 129,First name 129,mal,72803165,Bambari – Secteur,mapoukacyr@gmail.com,LAENS
,Name 130,First name 130,mal,72803166,Bambari – Secteur,mapoukacyr@gmail.com,LAENS
,Name 131,First name 131,mal,72803167,Bambari – Secteur,mapoukacyr@gmail.com,LAENS
,Name 132,First name 132,mal,72803168,Bambari – Secteur,mapoukacyr@gmail.com,LAENS
,Name 133,First name 133,mal,72803169,Bambari – Secteur,mapoukacyr@gmail.com,LAENS
,Name 134,First name 134,mal,72803170,Bambari – Secteur,mapoukacyr@gmail.com,LAENS
,Name 135,First name 135,mal,72803171,Bambari – Secteur,mapoukacyr@gmail.com,LAENS
,Name 136,First name 136,mal,72803172,Bambari – Secteur,mapoukacyr@gmail.com,LAENS
,Name 137,First name 137,mal,72803173,Bambari – Secteur,mapoukacyr@gmail.com,LAENS
,Name 138,First name 138,mal,72803174,Bambari – Secteur,mapoukacyr@gmail.com,LAENS
,Name 139,First name 139,mal,72803175,Bambari – Secteur,mapoukacyr@gmail.com,LAENS
,Name 140,First name 140,mal,72803176,Bambari – Secteur,mapoukacyr@gmail.com,LAENS
,Name 141,First name 141,mal,72803177,Bambari – Secteur,mapoukacyr@gmail.com,LAENS
,Name 142,First name 142,mal,72803178,Bambari – Secteur,mapoukacyr@gmail.com,LAENS
,Name 143,First name 143,mal,72803179,Bambari – Secteur,mapoukacyr@gmail.com,LAENS
,Name 144,First name 144,mal,72803180,Bambari – Secteur,mapoukacyr@gmail.com,LAENS
,Name 145,First name 145,mal,72803181,Bambari – Secteur,mapoukacyr@gmail.com,LAENS
,Name 146,First name 146,mal,72803182,Bambari – Secteur,mapoukacyr@gmail.com,LAENS
,Name 147,First name 147,mal,72803183,Bambari – Secteur,mapoukacyr@gmail.com,LAENS
,Name 148,First name 148,mal,72803184,Bambari – Secteur,mapoukacyr@gmail.com,LAENS
,Name 149,First name 149,mal,72803185,Bambari – Secteur,mapoukacyr@gmail.com,LAENS
,Name 150,First name 150,mal,72803186,Bambari – Secteur,mapoukacyr@gmail.com,LAENS
,Name 151,First name 151,mal,72803187,Bambari – Secteur,mapoukacyr@gmail.com,LAENS
,Name 152,First name 152,mal,72803188,Bambari – Secteur,mapoukacyr@gmail.com,LAENS
,Name 153,First name 153,mal,72803189,Bambari – Secteur,mapoukacyr@gmail.com,LAENS
,Name 154,First name 154,mal,72803190,Bambari – Secteur,mapoukacyr@gmail.com,LAENS
,Name 155,First name 155,mal,72803191,Bambari – Secteur,mapoukacyr@gmail.com,LAENS
,Name 156,First name 156,mal,72803192,Bambari – Secteur,mapoukacyr@gmail.com,LAENS
,Name 157,First name 157,mal,72803193,Bambari – Secteur,mapoukacyr@gmail.com,LAENS
,Name 158,First name 158,mal,72803194,Bambari – Secteur,mapoukacyr@gmail.com,LAENS
,Name 159,First name 159,mal,72803195,Bambari – Secteur,mapoukacyr@gmail.com,LAENS
,Name 160,First name 160,mal,72803196,Bambari – Secteur,mapoukacyr@gmail.com,LAENS
,Name 161,First name 161,mal,72803197,Bambari – Secteur,mapoukacyr@gmail.com,LAENS
,Name 162,First name 162,mal,72803198,Bambari – Secteur,mapoukacyr@gmail.com,LAENS
,Name 163,First name 163,mal,72803199,Bambari – Secteur,mapoukacyr@gmail.com,LAENS
,Name 164,First name 164,mal,72803200,Bambari – Secteur,mapoukacyr@gmail.com,LAENS
,Name 165,First name 165,mal,72803201,Bambari – Secteur,mapoukacyr@gmail.com,LAENS
,Name 166,First name 166,mal,72803202,Bambari – Secteur,mapoukacyr@gmail.com,LAENS
,Name 167,First name 167,mal,72803203,Bambari – Secteur,mapoukacyr@gmail.com,LAENS
,Name 168,First name 168,mal,72803204,Bambari – Secteur,mapoukacyr@gmail.com,LAENS
,Name 169,First name 169,mal,72803205,Bambari – Secteur,mapoukacyr@gmail.com,LAENS
,Name 170,First name 170,mal,72803206,Bambari – Secteur,mapoukacyr@gmail.com,LAENS
,Name 171,First name 171,mal,72803207,Bambari – Secteur,mapoukacyr@gmail.com,LAENS
,Name 172,First name 172,mal,72803208,Bambari – Secteur,mapoukacyr@gmail.com,LAENS
,Name 173,First name 173,mal,72803209,Bambari – Secteur,mapoukacyr@gmail.com,LAENS
,Name 174,First name 174,mal,72803210,Bambari – Secteur,mapoukacyr@gmail.com,LAENS
,Name 175,First name 175,mal,72803211,Bambari – Secteur,mapoukacyr@gmail.com,LAENS
,Name 176,First name 176,mal,72803212,Bambari – Secteur,mapoukacyr@gmail.com,LAENS
,Name 177,First name 177,mal,72803213,Bambari – Secteur,mapoukacyr@gmail.com,LAENS
,Name 178,First name 178,mal,72803214,Bambari – Secteur,mapoukacyr@gmail.com,LAENS
,Name 179,First name 179,mal,72803215,Bambari – Secteur,mapoukacyr@gmail.com,LAENS
,Name 180,First name 180,mal,72803216,Bambari – Secteur,mapoukacyr@gmail.com,LAENS
,Name 181,First name 181,mal,72803217,Bambari – Secteur,mapoukacyr@gmail.com,LAENS
,Name 182,First name 182,mal,72803218,Bambari – Secteur,mapoukacyr@gmail.com,LAENS
,Name 183,First name 183,mal,72803219,Bambari – Secteur,mapoukacyr@gmail.com,LAENS
,Name 184,First name 184,mal,72803220,Bambari – Secteur,mapoukacyr@gmail.com,LAENS
,Name 185,First name 185,mal,72803221,Bambari – Secteur,mapoukacyr@gmail.com,LAENS
,Name 186,First name 186,mal,72803222,Bambari – Secteur,mapoukacyr@gmail.com,LAENS
,Name 187,First name 187,mal,72803223,Bambari – Secteur,mapoukacyr@gmail.com,LAENS
,Name 188,First name 188,mal,72803224,Bambari – Secteur,mapoukacyr@gmail.com,LAENS
,Name 189,First name 189,mal,72803225,Bambari – Secteur,mapoukacyr@gmail.com,LAENS
,Name 190,First name 190,mal,72803226,Bambari – Secteur,mapoukacyr@gmail.com,LAENS
,Name 191,First name 191,mal,72803227,Bambari – Secteur,mapoukacyr@gmail.com,LAENS
,Name 192,First name 192,mal,72803228,Bambari – Secteur,mapoukacyr@gmail.com,LAENS
,Name 193,First name 193,mal,72803229,Bambari – Secteur,mapoukacyr@gmail.com,LAENS
,Name 194,First name 194,mal,72803230,Bambari – Secteur,mapoukacyr@gmail.com,LAENS
,Name 195,First name 195,mal,72803231,Bambari – Secteur,mapoukacyr@gmail.com,LAENS
,Name 196,First name 196,mal,72803232,Bambari – Secteur,mapoukacyr@gmail.com,LAENS
,Name 197,First name 197,mal,72803233,Bambari – Secteur,mapoukacyr@gmail.com,LAENS
,Name 198,First name 198,mal,72803234,Bambari – Secteur,mapoukacyr@gmail.com,LAENS
,Name 199,First name 199,mal,72803235,Bambari – Secteur,mapoukacyr@gmail.com,LAENS
,Name 200,First name 200,mal,72803236,Bambari – Secteur,mapoukacyr@gmail.com,LAENS
,Name 201,First name 201,mal,72803237,Bambari – Secteur,mapoukacyr@gmail.com,LAENS
,Name 202,First name 202,mal,72803238,Bambari – Secteur,mapoukacyr@gmail.com,LAENS
,Name 203,First name 203,mal,72803239,Bambari – Secteur,mapoukacyr@gmail.com,LAENS
,Name 204,First name 204,mal,72803240,Bambari – Secteur,mapoukacyr@gmail.com,LAENS
,Name 205,First name 205,mal,72803241,Bambari – Secteur,mapoukacyr@gmail.com,LAENS
,Name 206,First name 206,mal,72803242,Bambari – Secteur,mapoukacyr@gmail.com,LAENS
,Name 207,First name 207,mal,72803243,Bambari – Secteur,mapoukacyr@gmail.com,LAENS
,Name 208,First name 208,mal,72803244,Bambari – Secteur,mapoukacyr@gmail.com,LAENS
,Name 209,First name 209,mal,72803245,Bambari – Secteur,mapoukacyr@gmail.com,LAENS
,Name 210,First name 210,mal,72803246,Bambari – Secteur,mapoukacyr@gmail.com,LAENS
,Name 211,First name 211,mal,72803247,Bambari – Secteur,mapoukacyr@gmail.com,LAENS
,Name 212,First name 212,mal,72803248,Bambari – Secteur,mapoukacyr@gmail.com,LAENS
,Name 213,First name 213,mal,72803249,Bambari – Secteur,mapoukacyr@gmail.com,LAENS
,Name 214,First name 214,mal,72803250,Bambari – Secteur,mapoukacyr@gmail.com,LAENS
,Name 215,First name 215,mal,72803251,Bambari – Secteur,mapoukacyr@gmail.com,LAENS
,Name 216,First name 216,mal,72803252,Bambari – Secteur,mapoukacyr@gmail.com,LAENS
,Name 217,First name 217,mal,72803253,Bambari – Secteur,mapoukacyr@gmail.com,LAENS
,Name 218,First name 218,mal,72803254,Bambari – Secteur,mapoukacyr@gmail.com,LAENS
,Name 219,First name 219,mal,72803255,Bambari – Secteur,mapoukacyr@gmail.com,LAENS
,Name 220,First name 220,mal,72803256,Bambari – Secteur,mapoukacyr@gmail.com,LAENS
,Name 221,First name 221,mal,72803257,Bambari – Secteur,mapoukacyr@gmail.com,LAENS
,Name 222,First name 222,mal,72803258,Bambari – Secteur,mapoukacyr@gmail.com,LAENS
,Name 223,First name 223,mal,72803259,Bambari – Secteur,mapoukacyr@gmail.com,LAENS
,Name 224,First name 224,mal,72803260,Bambari – Secteur,mapoukacyr@gmail.com,LAENS
,Name 225,First name 225,mal,72803261,Bambari – Secteur,mapoukacyr@gmail.com,LAENS
,Name 226,First name 226,mal,72803262,Bambari – Secteur,mapoukacyr@gmail.com,LAENS
,Name 227,First name 227,mal,72803263,Bambari – Secteur,mapoukacyr@gmail.com,LAENS
,Name 228,First name 228,mal,72803264,Bambari – Secteur,mapoukacyr@gmail.com,LAENS
,Name 229,First name 229,mal,72803265,Bambari – Secteur,mapoukacyr@gmail.com,LAENS
,Name 230,First name 230,mal,72803266,Bambari – Secteur,mapoukacyr@gmail.com,LAENS
,Name 231,First name 231,mal,72803267,Bambari – Secteur,mapoukacyr@gmail.com,LAENS
,Name 232,First name 232,mal,72803268,Bambari – Secteur,mapoukacyr@gmail.com,LAENS
,Name 233,First name 233,mal,72803269,Bambari – Secteur,mapoukacyr@gmail.com,LAENS
,Name 234,First name 234,mal,72803270,Bambari – Secteur,mapoukacyr@gmail.com,LAENS
,Name 235,First name 235,mal,72803271,Bambari – Secteur,mapoukacyr@gmail.com,LAENS
,Name 236,First name 236,mal,72803272,Bambari – Secteur,mapoukacyr@gmail.com,LAENS
,Name 237,First name 237,mal,72803273,Bambari – Secteur,mapoukacyr@gmail.com,LAENS
,Name 238,First name 238,mal,72803274,Bambari – Secteur,mapoukacyr@gmail.com,LAENS
,Name 239,First name 239,mal,72803275,Bambari – Secteur,mapoukacyr@gmail.com,LAENS
,Name 240,First name 240,mal,72803276,Bambari – Secteur,mapoukacyr@gmail.com,LAENS
,Name 241,First name 241,mal,72803277,Bambari – Secteur,mapoukacyr@gmail.com,LAENS
,Name 242,First name 242,mal,72803278,Bambari – Secteur,mapoukacyr@gmail.com,LAENS
,Name 243,First name 243,mal,72803279,Bambari – Secteur,mapoukacyr@gmail.com,LAENS
,Name 244,First name 244,mal,72803280,Bambari – Secteur,mapoukacyr@gmail.com,LAENS
,Name 245,First name 245,mal,72803281,Bambari – Secteur,mapoukacyr@gmail.com,LAENS
,Name 246,First name 246,mal,72803282,Bambari – Secteur,mapoukacyr@gmail.com,LAENS
,Name 247,First name 247,mal,72803283,Bambari – Secteur,mapoukacyr@gmail.com,LAENS
,Name 248,First name 248,mal,72803284,Bambari – Secteur,mapoukacyr@gmail.com,LAENS
,Name 249,First name 249,mal,72803285,Bambari – Secteur,mapoukacyr@gmail.com,LAENS
,Name 250,First name 250,mal,72803286,Bambari – Secteur,mapoukacyr@gmail.com,LAENS
,Name 251,First name 251,mal,72803287,Bambari – Secteur,mapoukacyr@gmail.com,LAENS
,Name 252,First name 252,mal,72803288,Bambari – Secteur,mapoukacyr@gmail.com,LAENS
,Name 253,First name 253,mal,72803289,Bambari – Secteur,mapoukacyr@gmail.com,LAENS
,Name 254,First name 254,mal,72803290,Bambari – Secteur,mapoukacyr@gmail.com,LAENS
,Name 255,First name 255,mal,72803291,Bambari – Secteur,mapoukacyr@gmail.com,LAENS
,Name 256,First name 256,mal,72803292,Bambari – Secteur,mapoukacyr@gmail.com,LAENS
,Name 257,First name 257,mal,72803293,Bambari – Secteur,mapoukacyr@gmail.com,LAENS
,Name 258,First name 258,mal,72803294,Bambari – Secteur,mapoukacyr@gmail.com,LAENS
,Name 259,First name 259,mal,72803295,Bambari – Secteur,mapoukacyr@gmail.com,LAENS
,Name 260,First name 260,mal,72803296,Bambari – Secteur,mapoukacyr@gmail.com,LAENS
,Name 261,First name 261,mal,72803297,Bambari – Secteur,mapoukacyr@gmail.com,LAENS
,Name 262,First name 262,mal,72803298,Bambari – Secteur,mapoukacyr@gmail.com,LAENS
,Name 263,First name 263,mal,72803299,Bambari – Secteur,mapoukacyr@gmail.com,LAENS
,Name 264,First name 264,mal,72803300,Bambari – Secteur,mapoukacyr@gmail.com,LAENS
,Name 265,First name 265,mal,72803301,Bambari – Secteur,mapoukacyr@gmail.com,LAENS
,Name 266,First name 266,mal,72803302,Bambari – Secteur,mapoukacyr@gmail.com,LAENS
,Name 267,First name 267,mal,72803303,Bambari – Secteur,mapoukacyr@gmail.com,LAENS
,Name 268,First name 268,mal,72803304,Bambari – Secteur,mapoukacyr@gmail.com,LAENS
,Name 269,First name 269,mal,72803305,Bambari – Secteur,mapoukacyr@gmail.com,LAENS
,Name 270,First name 270,mal,72803306,Bambari – Secteur,mapoukacyr@gmail.com,LAENS
,Name 271,First name 271,mal,72803307,Bambari – Secteur,mapoukacyr@gmail.com,LAENS
,Name 272,First name 272,mal,72803308,Bambari – Secteur,mapoukacyr@gmail.com,LAENS
,Name 273,First name 273,mal,72803309,Bambari – Secteur,mapoukacyr@gmail.com,LAENS
,Name 274,First name 274,mal,72803310,Bambari – Secteur,mapoukacyr@gmail.com,LAENS
,Name 275,First name 275,mal,72803311,Bambari – Secteur,mapoukacyr@gmail.com,LAENS
,Name 276,First name 276,mal,72803312,Bambari – Secteur,mapoukacyr@gmail.com,LAENS
,Name 277,First name 277,mal,72803313,Bambari – Secteur,mapoukacyr@gmail.com,LAENS
,Name 278,First name 278,mal,72803314,Bambari – Secteur,mapoukacyr@gmail.com,LAENS
,Name 279,First name 279,mal,72803315,Bambari – Secteur,mapoukacyr@gmail.com,LAENS
,Name 280,First name 280,mal,72803316,Bambari – Secteur,mapoukacyr@gmail.com,LAENS
,Name 281,First name 281,mal,72803317,Bambari – Secteur,mapoukacyr@gmail.com,LAENS
,Name 282,First name 282,mal,72803318,Bambari – Secteur,mapoukacyr@gmail.com,LAENS
,Name 283,First name 283,mal,72803319,Bambari – Secteur,mapoukacyr@gmail.com,LAENS
,Name 284,First name 284,mal,72803320,Bambari – Secteur,mapoukacyr@gmail.com,LAENS
,Name 285,First name 285,mal,72803321,Bambari – Secteur,mapoukacyr@gmail.com,LAENS
,Name 286,First name 286,mal,72803322,Bambari – Secteur,mapoukacyr@gmail.com,LAENS
,Name 287,First name 287,mal,72803323,Bambari – Secteur,mapoukacyr@gmail.com,LAENS
,Name 288,First name 288,mal,72803324,Bambari – Secteur,mapoukacyr@gmail.com,LAENS
,Name 289,First name 289,mal,72803325,Bambari – Secteur,mapoukacyr@gmail.com,LAENS
,Name 290,First name 290,mal,72803326,Bambari – Secteur,mapoukacyr@gmail.com,LAENS
,Name 291,First name 291,mal,72803327,Bambari – Secteur,mapoukacyr@gmail.com,LAENS
,Name 292,First name 292,mal,72803328,Bambari – Secteur,mapoukacyr@gmail.com,LAENS
,Name 293,First name 293,mal,72803329,Bambari – Secteur,mapoukacyr@gmail.com,LAENS
,Name 294,First name 294,mal,72803330,Bambari – Secteur,mapoukacyr@gmail.com,LAENS
,Name 295,First name 295,mal,72803331,Bambari – Secteur,mapoukacyr@gmail.com,LAENS
,Name 296,First name 296,mal,72803332,Bambari – Secteur,mapoukacyr@gmail.com,LAENS
,Name 297,First name 297,mal,72803333,Bambari – Secteur,mapoukacyr@gmail.com,LAENS
,Name 298,First name 298,mal,72803334,Bambari – Secteur,mapoukacyr@gmail.com,LAENS
,Name 299,First name 299,mal,72803335,Bambari – Secteur,mapoukacyr@gmail.com,LAENS
,Name 300,First name 300,mal,72803336,Bambari – Secteur,mapoukacyr@gmail.com,LAENS
