id,name,section
1,Eleve 1,40
2,Eleve 2,40
3,Eleve 3,40
,Eleve 4,40
,Eleve 5,40
,Eleve 6,40
,Eleve 7,40
,Eleve 8,40
,Eleve 9,40
,Eleve 10,40
,Eleve 11,40
,Eleve 12,40
,Eleve 13,40
,Eleve 14,40
,Eleve 15,40
,Eleve 16,40
,Eleve 17,40
,Eleve 18,40
,Eleve 19,40
,Eleve 20,40
,Eleve 21,40
,Eleve 22,40
,Eleve 23,40
,Eleve 24,40
,Eleve 25,40
,Eleve 26,40
,Eleve 27,40
,Eleve 28,40
,Eleve 29,40
,Eleve 30,40
,Eleve 31,40
,Eleve 32,40
,Eleve 33,40
,Eleve 34,40
,Eleve 35,40
,Eleve 36,40
,Eleve 37,40
,Eleve 38,40
,Eleve 39,40
,Eleve 40,40
,Eleve 41,40
,Eleve 42,40
,Eleve 43,40
,Eleve 44,40
,Eleve 45,40
,Eleve 46,40
,Eleve 47,40
,Eleve 48,40
,Eleve 49,40
,Eleve 50,40
,Eleve 51,40
,Eleve 52,40
,Eleve 53,40
,Eleve 54,40
,Eleve 55,40
,Eleve 56,40
,Eleve 57,40
,Eleve 58,40
,Eleve 59,40
,Eleve 60,40
,Eleve 61,40
,Eleve 62,40
,Eleve 63,40
,Eleve 64,40
,Eleve 65,40
,Eleve 66,40
,Eleve 67,40
,Eleve 68,40
,Eleve 69,40
,Eleve 70,40
,Eleve 71,40
,Eleve 72,40
,Eleve 73,40
,Eleve 74,40
,Eleve 75,40
,Eleve 76,40
,Eleve 77,40
,Eleve 78,40
,Eleve 79,40
,Eleve 80,40
,Eleve 81,40
,Eleve 82,40
,Eleve 83,40
,Eleve 84,40
,Eleve 85,40
,Eleve 86,40
,Eleve 87,40
,Eleve 88,40
,Eleve 89,40
,Eleve 90,40
,Eleve 91,40
,Eleve 92,40
,Eleve 93,40
,Eleve 94,40
,Eleve 95,40
,Eleve 96,40
,Eleve 97,40
,Eleve 98,40
,Eleve 99,40
,Eleve 100,40
,Eleve 101,40
,Eleve 102,40
,Eleve 103,40
,Eleve 104,40
,Eleve 105,40
,Eleve 106,40
,Eleve 107,40
,Eleve 108,40
,Eleve 109,40
,Eleve 110,40
,Eleve 111,40
,Eleve 112,40
,Eleve 113,40
,Eleve 114,40
,Eleve 115,40
,Eleve 116,40
,Eleve 117,40
,Eleve 118,40
,Eleve 119,40
,Eleve 120,40
,Eleve 121,40
,Eleve 122,40
,Eleve 123,40
,Eleve 124,40
,Eleve 125,40
,Eleve 126,40
,Eleve 127,40
,Eleve 128,40
,Eleve 129,40
,Eleve 130,40
,Eleve 131,40
,Eleve 132,40
,Eleve 133,40
,Eleve 134,40
,Eleve 135,40
,Eleve 136,40
,Eleve 137,40
,Eleve 138,40
,Eleve 139,40
,Eleve 140,40
,Eleve 141,40
,Eleve 142,40
,Eleve 143,40
,Eleve 144,40
,Eleve 145,40
,Eleve 146,40
,Eleve 147,40
,Eleve 148,40
,Eleve 149,40
,Eleve 150,40
