id,name,barcode,section
1,KOYASSANGOU Ursula,6954941712178,1
2,GAZAMBETI,9782608123015,1
3,Lily Dibbert V,1956,1
4,Dr. Tremaine Kohler,2539,1
5,Emory Hamill IV,614,1
6,Shaina Runolfsson,2925,1
7,Mr. Terry Johns IV,1331,1
8,Samanta Weimann,2393,1
9,Curt Rau,2905,1
10,Martin Bosco,2077,1
11,Serena Streich,2684,1
12,Prof. Caitlyn Wisoky,820,1
13,Armand Carter,2012,1
14,Heath McCullough II,2874,1
15,Jaquelin Schinner,933,1
16,Prof. Casey Haley,634,1
17,Guy Wolff,103,1
18,Lazaro Yundt,1026,1
19,Mathilde Reilly,1339,1
20,Ms. Sienna Bins,1644,1
21,Annabell Tromp,881,1
22,Mohammed Carter,391,1
23,Agustina Boehm,978,1
24,Christina Vandervort I,2087,1
25,Dr. Arch Mann III,1842,1
26,Prof. Leora Rice,911,1
27,Spencer Lemke,1243,1
28,Dr. Joyce McClure IV,150,1
29,Kaylee Will,1992,1
30,Karianne Schiller Jr.,2921,1
31,Asia Bradtke,1370,1
32,Jacky Conn Sr.,565,1
33,Lina Leuschke,2494,1
34,Prof. Lewis Hegmann,1714,1
35,Lincoln Reinger,2611,1
36,Elise Mueller MD,2253,1
37,Eula Fisher,810,1
38,Prof. Noel Marvin,364,1
39,Mrs. Mandy Kunze III,222,1
40,Pete Bechtelar,193,1
41,Dr. Halle Beier III,1140,1
42,Neva Bradtke,693,1
43,Maud Zemlak,695,1
44,Charlie Padberg V,1412,1
45,Sigrid Greenfelder,1944,1
46,Mr. Omer Mueller IV,2937,1
47,Angela Sipes,918,1
48,Ada Weber,2468,1
49,Bessie Roberts,190,1
50,Dr. Kavon Waters,692,1
51,Jeramie Flatley,2391,1
52,Allie Rath IV,373,1
53,Wilhelm Monahan,79,1
54,Wava Kub DDS,307,1
55,Efren Kohler,696,1
56,Mr. Christophe Reinger Sr.,2313,1
57,Bertrand McGlynn,1711,1
58,Miss Kyra Hickle DVM,548,1
59,Dr. Corine Raynor,563,1
60,Gia Kassulke,2591,1
61,Dillon Kautzer,1669,1
62,Beryl Nader,2834,1
63,Brycen Bernhard,134,1
64,Sienna Eichmann I,1849,1
65,Alexandra Lynch,1044,1
66,Mrs. Anabelle Quitzon Jr.,1083,1
67,Dolly Doyle,2228,1
68,Dr. Rosalyn Schmeler,174,1
69,Leone Balistreri DVM,2541,1
70,Oran Price,1482,1
71,Gay Wunsch,2487,1
72,Chester Rowe,56,1
73,Prof. Americo Lakin,549,1
74,Daija Marks,1619,1
75,Dr. Adrien Tremblay,1254,1
76,Loyce Kuhic V,2363,1
77,Tamara Hartmann,1387,1
78,Bernadine Waters,2293,1
79,Christy Hilpert,2785,1
80,Blaze Fisher,487,1
81,Ms. Delia Turcotte DDS,2558,1
82,Prof. Mabelle Mayer,1575,1
83,Prof. Lottie Robel,2034,1
84,Dr. Delilah Lebsack I,2211,1
85,Clay Berge,955,1
86,Hector Russel,798,1
87,Norval Beahan III,2851,1
88,Isabell Doyle Jr.,2961,1
89,Mr. Gillian Greenholt,1458,1
90,Giovani Witting,1654,1
91,Pinkie VonRueden III,1823,1
92,Alfonzo Barton PhD,1926,1
93,Angeline Collier II,1499,1
94,Prof. Kelsie Beahan DVM,530,1
95,Prof. Joan Shanahan,2677,1
96,Kacie Christiansen,2658,1
97,Miss Etha Ratke,2821,1
98,Helga Tremblay,2637,1
99,Breana Bailey,2717,1
100,Izaiah Keebler,1375,1
101,Celestine Kassulke,2153,1
102,Javier Wiegand,1798,1
103,Yvonne Bechtelar,1237,1
104,Kamryn Franecki,2423,1
105,Elouise Rowe PhD,542,1
106,Kelsie Denesik,574,1
107,Miss Litzy White,2852,1
108,Miss Valentine Parisian III,255,1
109,Zachery Champlin Jr.,2359,1
110,Dawn Bartell,2761,1
111,Chris Simonis I,1725,1
112,Lenny Hegmann II,1227,1
113,Prof. Tony Considine,110,1
114,Chaya Price,283,1
115,Zora Osinski DDS,2013,1
116,Dr. Levi Hoeger I,1233,1
117,Miss Jannie Halvorson PhD,1145,1
118,Dr. Cletus Bartell III,974,1
119,Prof. Duncan Mayer,2955,1
120,Mr. Rafael Windler,2805,1
121,Darius Hayes,1553,1
122,Wiley Roberts,897,1
123,Miss Kathryn Stokes,608,1
124,Kay Boehm,812,1
125,Miss Kyla Russel DVM,1707,1
126,Jadon Schroeder,1029,1
127,Trenton Rutherford V,2118,1
128,Okey Wunsch,545,1
129,Reagan Connelly,2625,1
130,Marisol Hayes III,483,1
131,Dr. Bradley Heathcote IV,2333,1
132,Gust Crona,2079,1
133,Thaddeus Lind,2729,1
134,Constance Lubowitz,333,1
135,Prof. Zackery Feeney,1743,1
136,Jamar Pollich,2314,1
137,Clair Hintz,1248,1
138,Rossie Hudson DDS,1692,1
139,Brian Goldner V,2201,1
140,Dr. Mitchell Steuber,2042,1
141,Dr. Carlo Barrows,1871,1
142,Myron Murphy,1527,1
143,Dr. Lois Lowe MD,2943,1
144,Mr. Giuseppe Cole,2500,1
145,Scotty Dooley Jr.,2600,1
146,Eda Beahan,1980,1
147,Garrison Vandervort,1399,1
148,Okey Bednar,44,1
149,Fern Graham,2429,1
150,Mr. Jayson Fadel,2993,1
151,Dr. Theodore Kunde,780,1
152,Ernest Heathcote,77,1
153,Delilah Wisoky,287,1
154,Prof. Demarco Wisoky,2886,1
155,Mrs. Lyda Botsford MD,566,1
156,Wendell Wintheiser III,1611,1
157,Xander Little,1778,1
158,Alyson Mertz,1640,1
159,Gwen Rice,2155,1
160,Keeley Rodriguez DVM,92,1
161,Ariane Reinger,403,1
162,Horacio Rolfson,1325,1
163,Raul Bogisich,122,1
164,Ms. Naomie Lebsack,93,1
165,Mr. Zachery Gerlach I,2613,1
166,Bryana Weissnat,1615,1
167,Dr. Kaitlyn Ratke,1651,1
168,Arch Wintheiser,1664,1
169,Alexie Schiller,1009,1
170,Prof. Hermann Mraz,1481,1
171,Vladimir Barrows,1915,1
172,Clare Williamson,1466,1
173,Prof. Vito Halvorson DVM,2619,1
174,Freeda Leuschke,953,1
175,Muriel Abbott,1673,1
176,Phoebe Pacocha,2550,1
177,Margarette Boyer,619,1
178,Fanny Barton,1641,1
179,Dawson Blick,484,1
180,Moses Kautzer Jr.,1021,1
181,Brandt Ruecker,1134,1
182,Laurie Casper,1516,1
183,Arturo O'Reilly,2820,1
184,Brent Herzog,84,1
185,Dr. Dixie Mohr,1847,1
186,Marian Emmerich,2299,1
187,Harmon Larson,26,1
188,Jaquelin Rowe,2598,1
189,Dr. Katelyn Gutkowski II,2923,1
190,Aylin Legros,432,1
191,Yasmine Heller,2844,1
192,Murray Reilly I,1533,1
193,Shea Will Jr.,1309,1
194,Dr. Angelina Spencer,1162,1
195,Ms. Shemar Emmerich III,1320,1
196,Forest Schmitt,51,1
197,Jerel Mayer,2203,1
198,Prof. Murl Corwin,1987,1
199,Sean Stracke,1007,1
200,Genevieve Tromp,666,2
201,Travis Schuppe,2076,2
202,Nicolette Koss,2987,2
203,Urban Bahringer,2744,2
204,Dr. Sandy Turner DVM,2053,2
205,Alba Gaylord,877,2
206,Dr. Verlie Lesch,2267,2
207,Mrs. Della Stehr,2190,2
208,Harvey Heidenreich,2579,2
209,Juston Gaylord,2389,2
210,Jules Stroman,308,2
211,Dr. Trent Yundt Sr.,262,2
212,Aliya Waters,2255,2
213,Mrs. Joanie Hammes,1284,2
214,Mohamed Hills,179,2
215,Miss Erica Marvin,2711,2
216,Robbie Cole,2247,2
217,Christophe Blanda IV,1070,2
218,Fiona Heaney,1878,2
219,Bradly Jenkins,158,2
220,Prof. Emmalee Williamson,108,2
221,Mrs. Gloria Crooks,2199,2
222,Aubree Green IV,1501,2
223,Mrs. Astrid Wuckert,1540,2
224,Guy Schuster,1995,2
225,Toni Frami,1120,2
226,Darron O'Keefe,1846,2
227,Alexane Stark,1589,2
228,Geovanni Lubowitz DVM,281,2
229,Harrison Hartmann,1356,2
230,Skyla Cummerata I,1943,2
231,Verla Wiza,997,2
232,Johnny Walker,961,2
233,Flavie Deckow MD,1999,2
234,Aiden Mohr,755,2
235,Ms. Nayeli Schuppe IV,1665,2
236,Lurline Miller,1297,2
237,Sherwood Armstrong,2506,2
238,Natalia Reichel DVM,2222,2
239,Hadley Turcotte,1413,2
240,Dessie Auer,1392,2
241,Shawn Stracke,1710,2
242,Corine Pollich,1734,2
243,Wilbert Strosin MD,363,2
244,Liana Kreiger,2460,2
245,Mr. Earnest Wolf,1287,2
246,Dr. Abby Eichmann MD,1704,2
247,Prof. Rasheed Romaguera,1865,2
248,Augustus Stokes,2052,2
249,Lorna Heathcote,1639,2
250,Mr. Conner Franecki,823,2
251,Marisa Quigley,2813,2
252,Scarlett Gislason,1114,2
253,Precious Ziemann,69,2
254,Eino Herzog,1460,2
255,Helmer Lebsack,2833,2
256,Llewellyn Schaden,1345,2
257,Mrs. Alene Baumbach,658,2
258,Mrs. Willie Spencer Jr.,1251,2
259,Jailyn Becker,2252,2
260,Aileen Stark,814,2
261,Eusebio Heathcote,496,2
262,Lesly Lemke V,945,2
263,Dr. Else Durgan,1179,2
264,Liana Douglas DDS,1352,2
265,Waldo Goldner,1303,2
266,Imogene Hintz,1020,2
267,Prof. Clarissa Zulauf,1741,2
268,Leopold Gibson Jr.,1277,2
269,Dr. Tremaine Pfannerstill,2850,2
270,Virgie Mraz II,1568,2
271,Rasheed Schneider,895,2
272,Evie Corwin,336,2
273,Anjali Green,2786,2
274,Prof. Nettie Altenwerth IV,2911,2
275,Kristofer Nicolas,1149,2
276,Prof. Esmeralda Hermiston MD,1373,2
277,Emiliano Ward,2927,2
278,Annette Pouros,2887,2
279,Magdalen Muller,2801,2
280,Edmund Hackett,2525,2
281,Daniella Bosco,1027,2
282,Mrs. Angela Turner DVM,240,2
283,Mariam Pacocha,90,2
284,Brady Huel Jr.,1385,2
285,Kristina Zulauf,1603,2
286,Prof. Estrella Goldner,388,2
287,Brandy Fritsch,1323,2
288,Tina Sanford,2425,2
289,Onie Swift III,1180,2
290,Watson Kovacek,1246,2
291,Gerson Hackett,599,2
292,Oliver Ritchie,1576,2
293,Etha Connelly,1573,2
294,Prof. Skyla Legros,1515,2
295,Della Casper,2039,2
296,Dr. Meda Braun PhD,2073,2
297,Prof. Alexie Crona II,2599,2
298,Kayley Wolff,1235,2
299,Dr. Gerardo O'Keefe,2584,2
300,Ms. Brandyn Champlin,878,2
301,Lavonne Roberts,958,2
302,Howard Marquardt,1457,2
303,Miss Nedra Strosin DVM,2701,2
304,Dr. Cesar Gorczany PhD,2705,2
305,Prof. Sierra Eichmann V,1746,2
306,Hudson Lakin,2860,2
307,Dr. Ettie Streich PhD,742,2
308,Lamont Block,1402,2
309,Dr. Crystal Trantow,1637,2
310,Ted Little,2097,2
311,Dariana Waters Sr.,932,2
312,Ellsworth Pacocha DDS,2888,2
313,Bailee Smitham,743,2
314,Ms. Teresa Bernhard,698,2
315,Ms. Sarah Wolf DVM,474,2
316,Lincoln Bruen,2889,2
317,Prof. Destin Beer,572,2
318,Zoey Hammes,244,2
319,Wilfred Senger IV,1024,2
320,Douglas Dickinson,2749,2
321,Sherwood Schiller Sr.,673,2
322,Dr. Leif Bode MD,242,2
323,Libby Sipes II,405,2
324,Miss Daisy Toy,209,2
325,Mr. Jamal Adams DVM,699,2
326,Laurie Fadel,1713,2
327,Kim Rippin,2740,2
328,Alexys Rohan,2708,2
329,Barry Schneider Sr.,2098,2
330,Jasper Pagac Sr.,1803,2
331,Ellen Pfeffer,1265,2
332,Princess Wilkinson,2979,2
333,Alisa Mraz,2091,2
334,Mr. Isaac Sauer IV,1004,2
335,Edgar Crooks,2283,2
336,Casper Kassulke,620,2
337,Mortimer Leuschke,29,2
338,Kellen Stokes,2865,2
339,Mrs. Elinor White,2144,2
340,Alberta Rowe DDS,519,2
341,Kelvin Kunze,94,2
342,Shania Ledner,105,2
343,Catherine Berge,2438,2
344,Mr. Merl Douglas,669,2
345,Jermey Stroman,2440,2
346,Lambert O'Kon,857,2
347,Isabelle Bergstrom,2213,2
348,Mrs. Autumn Raynor,2727,2
349,Prof. Scotty Pfannerstill DVM,1827,2
350,Dr. Arjun Leuschke Sr.,2279,2
351,Miss Marilou Littel Jr.,68,2
352,Mr. Filiberto Gaylord I,66,2
353,Kaylie Durgan,1853,2
354,Mr. Estevan O'Conner,1398,2
355,Lavina Collins,1946,2
356,Myron Reynolds,1769,2
357,Mr. Ted Waters,208,2
358,Stephen Veum,1834,2
359,Ashton Kohler,2186,2
360,Dr. Emilio Beier,1525,2
361,Adonis Klein,2115,2
362,Lucie Donnelly III,383,2
363,Johnny Fisher,2609,2
364,Jedidiah Dietrich,2010,2
365,Miss Yasmin Rutherford,1346,2
366,Dewayne Swaniawski MD,764,2
367,Ara Bernier I,994,2
368,Prof. Jarrell Beer,2430,2
369,Jacklyn Berge,2972,2
370,Dennis Kulas,2682,2
371,Mr. Judah Kuhn,1689,2
372,Spencer Conn,1293,2
373,Hailey Borer,2072,2
374,Emmanuelle Klocko,2766,2
375,Mrs. Leatha Wuckert,1860,2
376,Alexander Greenfelder,1802,2
377,Miss Alisha Ondricka,1107,2
378,Mrs. Leora Bergnaum,2471,2
379,Lucy Prohaska,2840,2
380,Jordon Ward IV,784,2
381,Maximillian Lemke,354,2
382,Beaulah Schuster,2748,2
383,Prof. Quinn Ferry I,2223,2
384,Bettye Davis,1178,2
385,Timmy Mante,2127,2
386,Carey Paucek,2799,2
387,Emmalee Torphy,622,2
388,Dr. Odie Gerhold,2009,2
389,Zane Torp,278,2
390,Suzanne Buckridge PhD,285,2
391,Malcolm Auer,832,2
392,Ms. Mollie Padberg,2946,2
393,Miss Jewell Will DVM,167,2
394,Natasha Jerde,1498,2
395,Fiona Kohler,196,2
396,Merl Cronin,2932,2
397,Prof. Gage Heller,1110,2
398,Otha Klein II,2952,2
399,Rosetta Conroy,2549,2
400,Velva Marquardt,1901,
401,Owen Schinner,2985,
402,Dr. Leland Schamberger,385,
403,Adrienne Trantow,253,
404,Colby Weber,2084,
405,Osbaldo Zieme DVM,252,
406,Mekhi Roberts,1301,
407,Jordyn O'Kon,440,
408,Ceasar Douglas,704,
409,Muriel Auer DVM,1154,
410,Estrella Prosacco,729,
411,Velma Adams,2538,
412,Napoleon Collier,989,
413,Dr. Kenyon Morissette Sr.,2544,
414,Jacques Murazik V,844,
415,Lavern Goldner,1733,
416,Bret Erdman,1936,
417,Robbie Bogan,2697,
418,Prof. Alex Treutel,2655,
419,Fritz Pollich,2337,
420,Renee Denesik,1434,
421,Sedrick Schmidt I,428,
422,Prof. Lempi Dach,47,
423,Lorena Langworth IV,450,
424,Herbert Kub PhD,381,
425,Jaydon Hyatt,2342,
426,Raina Kuhic DVM,2792,
427,Mr. Zakary O'Kon IV,1342,
428,Mrs. Amina Carter,164,
429,Connor O'Kon,2663,
430,Kaylee Hoppe IV,1534,
431,Javon Champlin,648,
432,Mr. August Abshire I,379,
433,Lindsay Gibson V,1489,
434,Bill Larson MD,1138,
435,Foster Ortiz,862,
436,Rex McKenzie,1275,
437,Gail Bartell,670,
438,Bianka Bednar,1220,
439,Prof. Nasir Kulas IV,2147,
440,Ms. Erna Smith,1104,
441,Pedro Spinka,1259,
442,Astrid Walter,577,
443,Hailey Ortiz,2698,
444,Deshawn Keeling,2208,
445,Vince Kozey,1548,
446,Dr. Pattie Schmitt,1870,
447,Abner Padberg,1843,
448,Akeem Thiel,687,
449,Madyson Haag,2426,
450,Laura Leuschke DVM,1109,
451,Lonnie Harber,1074,
452,Hadley Durgan,1394,
453,Jed Harber I,1722,
454,Mr. Urban West Jr.,2016,
455,Americo Osinski,2239,
456,Lewis Smitham,1700,
457,Mrs. Joana Mitchell,358,
458,Rashad Dooley,1487,
459,Mr. Elmo Skiles,2959,
460,Romaine Boyer,2225,
461,Dr. Eleanora Beatty,1642,
462,Jena Bogisich,41,
463,Prof. Sandy Sauer,787,
464,Howell Paucek,1968,
465,Mrs. Heath Price MD,1184,
466,Dillon Champlin,1791,
467,William Price,2950,
468,Joe Beatty,2666,
469,Mr. Jed O'Kon,1386,
470,Pearlie Goyette,119,
471,Prof. Julius Rempel DVM,2642,
472,Kali Douglas,258,
473,Mr. Odell Schuster V,1239,
474,Dr. Sasha Green,740,
475,Dr. Hailee Smitham,13,
476,Linwood Murazik,207,
477,Elfrieda White,1318,
478,Jayda D'Amore,683,
479,Gladys Runolfsson,2964,
480,Jeromy Quigley,1338,
481,Jamil DuBuque,61,
482,Mazie Jacobs,171,
483,Ms. Georgiana Kemmer,1872,
484,Manuela Kuphal,569,
485,Laura Boyle,750,
486,Brody Blanda,1077,
487,Heaven Corkery,525,
488,Tamia Hills,456,
489,Shane Doyle,442,
490,Bret Beer,2358,
491,Mr. Jovan Waelchi MD,1360,
492,Ms. Mollie Ebert IV,2814,
493,Barney Doyle,854,
494,Willis Hettinger,1188,
495,Opal Weissnat,1221,
496,Jeromy Labadie,1557,
497,Miss Malika Kutch,1100,
498,Dr. Elwyn Schuppe,535,
499,Melvin Lynch,1591,
500,Hans Bogan,225,
501,Aliya Abshire,1266,
502,Ena Block,2138,
503,Bradford Moore,1632,
504,Mr. Johnson Greenfelder Jr.,1447,
505,Tess O'Keefe,2912,
506,Pedro Barrows,2413,
507,Ms. Patsy Cruickshank,2842,
508,Lamont McClure,451,
509,Carter Miller,2548,
510,Antonina Kub,1809,
511,Lemuel Huels,2243,
512,Mr. Jackson Sipes,1828,
513,Ashlynn Hackett,1306,
514,Ray Lang,1543,
515,Kelvin Mraz,2877,
516,Andrew Goyette III,2461,
517,Jordi Flatley,471,
518,Louie Reynolds,858,
519,Adan Powlowski,2198,
520,Fannie Stokes PhD,1362,
521,Cale Medhurst,830,
522,Marianna Bogan,2126,
523,Prof. Shany Hodkiewicz,2141,
524,Alfred Bogisich,1648,
525,Ms. Berniece Hegmann V,1226,
526,Mrs. Germaine Rohan,2499,
527,Prof. Carmella Ryan V,1652,
528,Mrs. Gabriella Senger V,1957,
529,Julien Runte,2348,
530,Elias Marvin,2945,
531,Lilliana Lebsack,2978,
532,Thelma McClure,2050,
533,Stewart Mayert,760,
534,Adelia Christiansen PhD,1771,
535,Dr. Ernie Schmeler,2175,
536,Domingo Streich,1106,
537,Prof. Bud Stiedemann,472,
538,Alessandra Romaguera,2795,
539,Michale Daniel MD,2112,
540,Loren Spencer,2061,
541,Vaughn Quigley,2270,
542,Aglae Hane Jr.,1716,
543,Thelma Pfeffer,1532,
544,Frankie Abshire,425,
545,Demarco Towne,2669,
546,Prof. Ramiro Blanda III,9,
547,Alexanne Lindgren,701,
548,Wilhelmine Haley,2542,
549,Pearl Reynolds,2849,
550,Alene Runolfsdottir II,2496,
551,Kasey Ruecker,2450,
552,Brandt King,1740,
553,Jaylan Kling,2919,
554,Emil Homenick,247,
555,Tiara Schamberger,1260,
556,Ismael Sanford,1464,
557,Mrs. Bette Kozey II,936,
558,Ova Mitchell MD,2134,
559,Dr. Freddy Ziemann,1215,
560,Dr. Stewart Oberbrunner,2188,
561,Jerrell Friesen,71,
562,Prof. Israel Grimes,650,
563,Queen Armstrong,2308,
564,Demetrius Cronin,890,
565,Margaretta Auer,2736,
566,Dayana Howell,685,
567,Dr. George Koepp,2873,
568,Dr. Paris Purdy I,2121,
569,Dr. Louvenia Mante V,48,
570,Dorris Bruen,1467,
571,Alexandre Langworth,2038,
572,Dr. Dolly Simonis,1194,
573,Arvid Hagenes,2368,
574,Dr. Theodora Price,568,
575,Katherine Williamson,2492,
576,Leora Kohler,767,
577,Prof. Kennedy Boehm II,288,
578,Bridget Wunsch,511,
579,Aubrey Lueilwitz,200,
580,Angie Koss,2356,
581,Brandy Connelly,2355,
582,Velda Bauch DVM,1949,
583,Prof. Randall Kertzmann Sr.,2604,
584,Theron Daniel V,1132,
585,Kenya Littel,165,
586,Kristian Bernier,2511,
587,Gabriel Brekke II,1319,
588,Ms. Alana Murphy,1500,
589,Duncan Nader MD,2122,
590,Dr. Shanie Heller III,2537,
591,Gaetano Koelpin,2890,
592,Mekhi Hickle,1561,
593,Prof. Caroline Halvorson Sr.,866,
594,Reina Kemmer,12,
595,Dr. Dante Jacobson,1035,
596,Mrs. Angelica Hintz,503,
597,Mrs. Jakayla Hyatt PhD,2334,
598,Mr. Trent Cassin IV,1376,
599,Dr. Whitney Smith DVM,590,
600,Orin Bode,971,
601,Daphne Hermiston I,2142,
602,Kole Leuschke II,1821,
603,Elouise Walter,951,
604,Dion Gottlieb DDS,183,
605,Clark Turner,368,
606,Treva Beer V,2924,
607,Lenny Upton Jr.,541,
608,Corrine Rice,245,
609,Devyn Satterfield,78,
610,Prof. Kiara Bergnaum DVM,913,
611,Ms. Nettie Boyer MD,359,
612,Efren Altenwerth,1935,
613,Prof. Lolita Moen Jr.,2983,
614,Giovanna Koss,1862,
615,Jon Heaney,25,
616,Wendy Corkery DVM,2280,
617,Prof. Oscar Mante,1744,
618,Paul Little,875,
619,Judah Gerhold Jr.,1168,
620,Mina Okuneva Jr.,2661,
621,Arnold Ondricka,2765,
622,Fletcher Aufderhar III,799,
623,Miss Baby Wintheiser Sr.,2720,
624,Fabiola Pouros,1196,
625,Nolan Marquardt,2349,
626,Eugenia Morissette,2504,
627,Duane Goldner,1274,
628,Jessika Reinger,1160,
629,Dr. Wyatt Kerluke,507,
630,Dr. Reymundo Fadel,1359,
631,Trenton Johns,191,
632,Dr. Declan Rohan DDS,2915,
633,Dr. Max Stroman III,1850,
634,Dr. Travis Schulist,768,
635,Amy Hoeger,2401,
636,Delmer Hahn III,973,
637,Pierce Abbott,1271,
638,Keon Willms,476,
639,Dr. Darrin Kohler III,593,
640,Dr. Keira Franecki,980,
641,Dr. Lelah Sipes V,707,
642,Hilda Kunde,205,
643,Clotilde Ebert,1403,
644,Orval Skiles Jr.,147,
645,Verna Prohaska,1428,
646,Naomi Kohler,1427,
647,Alva Smitham,1699,
648,Alayna Moore II,1167,
649,Oda Prohaska,822,
650,Elizabeth Ziemann,1535,
651,Oliver Will,2775,
652,Ransom Jacobson,1504,
653,Giovanna McKenzie,2434,
654,Ila Wolf,2846,
655,Mylene Gutmann,1921,
656,Beryl Labadie,2825,
657,Dr. Carmel Hahn V,2791,
658,Evangeline Marvin III,1911,
659,Renee Daniel,558,
660,Audreanne Becker,1554,
661,Gregorio Haag,1729,
662,Nona Cormier,1687,
663,Layne Mills,2276,
664,Prof. Cedrick Pollich PhD,1633,
665,Dr. Bruce Graham DVM,1955,
666,Dr. Kieran Walter II,821,
667,Prof. Garry Heller DVM,123,
668,Ellis Ledner IV,964,
669,Albertha Friesen,1882,
670,Romaine Lakin,1136,
671,Clara Blick,1093,
672,Prof. Elinore Nolan,2577,
673,Kiera Zboncak,1192,
674,Reed Dickinson,2628,
675,Dr. Margarita Turcotte DVM,887,
676,Ava Goldner,1508,
677,Melvin Morar,2224,
678,Jacky Hartmann,624,
679,Mr. Stanley Hermann,304,
680,Evert Eichmann,2441,
681,Annie Beahan,2969,
682,Karen Legros,1732,
683,Dr. Jaleel Gerhold,267,
684,Randy Batz,1438,
685,Haylee Kreiger,930,
686,Mrs. Prudence Fisher II,1536,
687,Sabrina Stiedemann DVM,967,
688,Cathryn Nitzsche DVM,2033,
689,Noe Sipes,352,
690,Miss Erika Gibson II,1773,
691,Zelda Hackett,127,
692,Dr. Zachery Vandervort IV,2895,
693,Dr. Lina West III,2751,
694,Alisa Ritchie,896,
695,Mr. Stephen Thiel,458,
696,Mrs. Jazlyn Brakus MD,2257,
697,Miss Assunta Schneider V,1341,
698,Bart Simonis I,1593,
699,Lea Emmerich,2597,
700,Dillan Langosh DDS,154,
701,Helmer Feeney Sr.,1069,
702,Nicholas Shanahan IV,860,
703,Ms. Lelah Batz V,431,
704,Mrs. Angelita Kris,859,
705,Miss Alta Blanda IV,2032,
706,Lonny Franecki,89,
707,Lucile Green,501,
708,Percy Mraz,344,
709,Tod Brown,2322,
710,Dr. Gonzalo Franecki,2054,
711,Gaston Bogan I,1776,
712,Stefanie Schultz,2397,
713,Caden Halvorson,1529,
714,Daphnee Weissnat,639,
715,Ethel O'Hara,1888,
716,Norene Miller,778,
717,Pamela Huel,1006,
718,Adolph Friesen Jr.,1461,
719,Mrs. Verda Greenholt III,2432,
720,Lila Beatty,2309,
721,Marisol Kassulke IV,712,
722,Antonetta Russel,1000,
723,Prof. Mara Mayer PhD,2567,
724,Adah Koch,28,
725,Lilliana Hansen,1701,
726,Katlynn Waelchi,22,
727,Rosa Tromp,2332,
728,Prof. Delaney Zieme,2901,
729,Thad Walter,1883,
730,Mrs. Constance Casper V,1041,
731,Brooks Yundt PhD,2998,
732,Noemie Lemke,162,
733,Marty Buckridge,173,
734,Royal Stiedemann,2424,
735,Miss Tamara Kutch Jr.,944,
736,Mr. Colt Thiel,2266,
737,Cydney Schmidt,580,
738,Asa Kautzer,679,
739,Lexus Johns,1333,
740,Tyrel Block,2271,
741,Wilma Fisher DVM,1061,
742,Lonny Hickle,2071,
743,Telly Tremblay,2156,
744,Lauren Brekke II,2139,
745,Dock Orn IV,2117,
746,Abbigail Conn,2028,
747,Miss Lue Yost,169,
748,Dawson Littel DVM,640,
749,Chesley Cummerata,2162,
750,Makenna Bauch,655,
751,Dario Hintz,2559,
752,Ashly Gutkowski,864,
753,Cody Ziemann IV,57,
754,Prof. Kariane Jones,1896,
755,Aron Haag,2654,
756,Norberto Braun,2192,
757,Xander Veum,384,
758,Marianna Olson,2248,
759,Hardy Wiegand,1636,
760,Louisa Cruickshank,946,
761,Vicente Macejkovic,17,
762,Karli Kirlin DVM,2442,
763,Johnnie Kertzmann,1456,
764,Rozella Walter,1097,
765,Malvina Hessel,495,
766,Miss Tressie Schultz,2942,
767,Mrs. Marlee Abshire,2406,
768,Elmira Emmerich,2958,
769,Mr. Roscoe Orn,2194,
770,Raymundo Mills,194,
771,Miss Krystina Hackett,266,
772,Forrest Denesik,2689,
773,Lance Steuber,2019,
774,Gabe Witting,1406,
775,Naomi Harber,1299,
776,Dr. Brenden Kunze Jr.,2771,
777,Johnathon Grant I,1592,
778,Dr. Daniella Klocko,2305,
779,Dr. Merlin Barton II,2672,
780,Priscilla Schuster,963,
781,Dr. Cyrus Skiles I,2935,
782,Sibyl Hudson III,672,
783,Bettye O'Kon,2900,
784,Belle Schuster V,314,
785,Joana Becker,1371,
786,Ernie Schuppe DVM,2553,
787,Kody Kuvalis,1033,
788,Tracey Rogahn,75,
789,Brigitte Feil IV,2344,
790,Mariam Deckow,1357,
791,Jamaal Walsh,759,
792,Millie Collins,2551,
793,Zechariah Mante,962,
794,Cecilia Rogahn,1552,
795,Nyah Gulgowski,792,
796,Duncan Rohan,2691,
797,Johan Bruen,2815,
798,Gonzalo Wintheiser,297,
799,Miss Herminia Lockman V,1852,
800,Isom O'Reilly,1101,
801,Deron Bernhard,2242,
802,Edgar Harber,1920,
803,Misty Parisian,1904,
804,Mrs. Joyce Jakubowski,1880,
805,Christina Kuhic,642,
806,Evert Nolan,2164,
807,Marta Haag II,1218,
808,Ruth Harris,1836,
809,Vicky Kshlerin,1008,
810,Ida Kuhn,632,
811,Prof. Preston Frami,711,
812,Orlo O'Kon,475,
813,Buster Vandervort,198,
814,Mr. Norbert Eichmann MD,1908,
815,Dr. Erica Kunze I,1820,
816,Idella Borer,1005,
817,Pearl O'Hara Sr.,1607,
818,Dr. Augustine Okuneva,1718,
819,Einar Goodwin IV,1285,
820,Miss Retha Welch I,652,
821,Irwin Bogisich,2884,
822,Oswald Frami,192,
823,Kassandra Cremin,1377,
824,Walter Koepp,2382,
825,Tyshawn Purdy,1693,
826,Candido Schimmel,1429,
827,Ayla Gulgowski,625,
828,Branson Gerlach,2700,
829,Noemie Williamson,1753,
830,Stewart Windler,894,
831,Baron Crist,920,
832,Dr. Harold Hegmann,2456,
833,Linnea Smith,2769,
834,Lilyan Schuppe,847,
835,Henriette Rogahn I,2233,
836,Shaun Thompson,1875,
837,Eudora Herzog,2351,
838,Gaetano Cartwright,2218,
839,Miss Yolanda Botsford,998,
840,Raul Sanford V,2758,
841,Demond Smith I,1789,
842,Mr. Olaf Watsica IV,2047,
843,Prof. Korbin Ebert I,129,
844,Prof. Brook Beer,1092,
845,Ms. Winona Torp DVM,948,
846,Aidan McGlynn,2303,
847,Adela Beier Sr.,2323,
848,Prof. Skylar Wiza III,1286,
849,Ms. Myrtis Kirlin DDS,2547,
850,Brisa McLaughlin,1913,
851,Miss Idella Considine III,1079,
852,Rosanna Nicolas,1645,
853,Mr. Cesar Nicolas III,1276,
854,Mrs. Marina Jacobi,1675,
855,Macie Gaylord,2341,
856,Jerrell Torphy,786,
857,Dr. Berta Fadel MD,560,
858,Prof. Jamaal Bartell DDS,107,
859,Edison Wuckert,1063,
860,Ismael Boyle,1889,
861,Verda Stroman,1958,
862,Cheyanne Blanda,2367,
863,Celestino Rolfson,2472,
864,Miss Renee Rohan,1833,
865,Emilio Rice,1173,
866,Paolo Hills,1241,
867,Issac Pollich,1335,
868,Velva Kilback,1969,
869,Nicole Kautzer V,367,
870,Miss Bria Bogan I,2809,
871,Gwen Friesen,1159,
872,Tatyana Thompson,2000,
873,Cicero Wolf,1128,
874,Prof. Jaron Hane,1052,
875,Dr. Jazlyn Yundt,1347,
876,Ally Herman,2793,
877,Prof. Nya Welch,752,
878,Davion Armstrong,1076,
879,Theresia Walsh,2338,
880,Chloe Barton,921,
881,Melisa Treutel,469,
882,Javon McLaughlin,1656,
883,Jess Reilly V,2106,
884,Cleveland Murphy,1595,
885,Hayley Hayes,1437,
886,Prof. Macy Feeney,935,
887,Orin Welch,1900,
888,Brenna Friesen,797,
889,Carlos Bode,843,
890,Broderick Hessel V,2810,
891,Miss Destinee Braun II,917,
892,Elouise Emmerich,1405,
893,Reinhold Robel,1514,
894,Grant Cremin III,2618,
895,Aiden Rowe,175,
896,Alanna Rohan,1780,
897,Paul Howe,916,
898,Prof. Vincenza Schuster,952,
899,Jamir Hoppe,2150,
900,Pearlie Walsh,1783,
901,Benjamin Pouros,2278,
902,Prof. Brendon Murphy,2572,
903,Dr. Dustin Huels DVM,1030,
904,Alexzander Beer PhD,1539,
905,Delores Hoeger,2185,
906,Edythe Abernathy DDS,2522,
907,Ivy Cole,2940,
908,Elton Koelpin,303,
909,Miss Evelyn Rice IV,1432,
910,Miss Telly Welch IV,2724,
911,Jeffry Schaefer,2930,
912,Peter Lesch,2044,
913,Lue Collins,2722,
914,Stephany Dietrich,2560,
915,Lucas Gulgowski,1095,
916,Jazmyn Kunde DDS,11,
917,Era VonRueden,1509,
918,Donato Flatley II,1952,
919,May Prohaska,2787,
920,Vinnie Flatley,468,
921,Janae Rippin I,1580,
922,Kasey Stanton III,1678,
923,Prof. Kelli Zieme,2737,
924,Israel Torphy,1519,
925,Ruthie Vandervort,1156,
926,Delpha Jones,615,
927,Alford Mayer,1315,
928,Jamel Fisher,1471,
929,Prof. Ruthe Pollich Sr.,2431,
930,Mrs. Makenzie Shanahan IV,1064,
931,Mr. Pablo Breitenberg,618,
932,Margie Ziemann III,380,
933,Reyes Stark,55,
934,Linnea Williamson,1210,
935,Meghan McGlynn,2512,
936,Opal Boehm,1537,
937,Layne Fritsch,1705,
938,Lindsay Bailey IV,1760,
939,Dr. Evalyn Spinka III,1799,
940,Brice Dietrich,1869,
941,Macey Kulas,2454,
942,Mauricio Mitchell DVM,2319,
943,Arlo Bode,114,
944,Johann Veum,393,
945,Stevie Bashirian,301,
946,Ms. Eldora Quigley,1191,
947,Prof. Janessa Paucek II,1662,
948,Miguel Emmerich,389,
949,Vance Torp,462,
950,Lyric Monahan,1638,
951,Dr. Alanna Hegmann,144,
952,Gladyce Kuhlman,2918,
953,Herta Gorczany,2001,
954,Alf Kunde,2664,
955,Fabiola McCullough,2178,
956,Dominic Cremin,795,
957,Armando Conroy,1486,
958,Prof. Vallie Leuschke,1206,
959,Orin Barton PhD,1854,
960,Angeline Lindgren,1115,
961,Dr. Lucius Douglas PhD,1014,
962,Megane Orn,1176,
963,Dr. Lucinda Kozey,2490,
964,Alessandra Harber,325,
965,Pearlie Morar MD,256,
966,Dario Bayer,1308,
967,Twila Gislason,282,
968,Rosalee Farrell Sr.,965,
969,Jorge Cummerata,2074,
970,Norma Kemmer,2561,
971,Florida Langosh,902,
972,Kiley Morar II,2491,
973,Ole Howe,2272,
974,Nicholas Stehr,1463,
975,Anthony Fadel DDS,996,
976,Prof. Ward Wilkinson DVM,659,
977,Cruz Cassin,1816,
978,Mr. Justus Sporer DVM,630,
979,Madison Metz,2378,
980,Nels Hermann,2479,
981,Dr. Hudson Gutkowski,2469,
982,Brycen Mann,1122,
983,Una Konopelski MD,46,
984,Issac Conn,1163,
985,Lorna Marquardt Sr.,2533,
986,Alexandria Klein I,2627,
987,Kattie Steuber,903,
988,Jaylon Bernhard,861,
989,Riley Torphy,213,
990,Martine Hoeger,237,
991,Derick Hermann V,1119,
992,Nelson Mohr,1058,
993,Mavis Blick,1245,
994,Hoyt Rogahn,2863,
995,Anibal Christiansen,2760,
996,Yolanda Mills,1523,
997,Vergie Bradtke DDS,1550,
998,Wilburn Sanford Sr.,2282,
999,Prof. Pansy Adams DVM,1379,
1000,Dr. Herman Wehner III,1868,
1001,Casey Stokes,2951,
1002,Elody Bernier,37,
1003,Mr. Eldon Ankunding,635,
1004,Piper Reichert,1295,
1005,Mina Goyette,2234,
1006,London Langosh Sr.,320,
1007,Cornell Nicolas,2136,
1008,Mathew Ortiz,2437,
1009,Dan Sporer,139,
1010,Heather Ward,1858,
1011,Manuel Zieme,513,
1012,Dr. Billy Murphy V,1066,
1013,Daniela Kozey,1130,
1014,Harold Von,2569,
1015,Esta Muller,2236,
1016,Kennedi Mertz,1831,
1017,Mr. Newell Steuber,1547,
1018,Rowland Wisoky IV,516,
1019,Dr. Hayden Frami,741,
1020,Miss Layla Halvorson,1779,
1021,Gracie Pollich DDS,444,
1022,Ashleigh Lockman,2778,
1023,Prof. Gay Rutherford I,2870,
1024,Prof. Pinkie Smith,2555,
1025,Miss Kathleen Hauck,2568,
1026,Dr. Garnett Zieme,2521,
1027,Trystan Muller,2374,
1028,Prof. Jace Schultz II,1984,
1029,Bernice Bode,310,
1030,Mr. Devonte Jones,1765,
1031,Gunnar Rath,2709,
1032,Prof. Dorothea Welch,2300,
1033,Herminia Dicki Jr.,2428,
1034,Cleve Emmerich II,1720,
1035,Joany Rutherford DDS,1389,
1036,Lucinda Brakus,988,
1037,Moses Swaniawski,601,
1038,Crawford Barrows,1884,
1039,Prof. Jamar Krajcik PhD,2485,
1040,Antone Russel,2757,
1041,Alexa Shields II,869,
1042,Mr. Mason Witting,1053,
1043,Geo Auer,1577,
1044,Miss Rosie Hessel Jr.,2281,
1045,Prof. Kian Tillman DDS,1155,
1046,Reyna Murray,2989,
1047,Miss Gladys Kris,1329,
1048,Yvette Hilpert,2651,
1049,Domingo Murphy,1866,
1050,Nya Kulas II,2615,
1051,Frederick Abbott Sr.,2794,
1052,Rowena West,2875,
1053,Jared Gleason,1261,
1054,Retta Stoltenberg,1219,
1055,Mrs. Alexandrea Wilderman,1485,
1056,Mara West Jr.,2949,
1057,Aliya Rodriguez,1985,
1058,Suzanne Kessler,943,
1059,Arlie Bogan,1758,
1060,Annamarie McLaughlin I,1811,
1061,Darrick Dietrich,212,
1062,Devyn Cremin,1313,
1063,Camylle Volkman,651,
1064,Blanca Lueilwitz,2859,
1065,Geovanni Runolfsson,818,
1066,Mrs. Anne Ruecker,412,
1067,Tiffany Marvin,1912,
1068,Ms. Emely Armstrong V,306,
1069,Amara Bechtelar,1941,
1070,Hubert Mayer,1205,
1071,Otilia Lueilwitz,2316,
1072,Brionna Langworth,1448,
1073,Dovie Hegmann,889,
1074,Joe Mitchell,1472,
1075,Prof. Braulio Johnston IV,1483,
1076,Marjorie Frami,1923,
1077,Alysa Borer,751,
1078,Alexie Bins,2015,
1079,Kale Boyle,776,
1080,Talon Durgan,2063,
1081,Mrs. Dakota Grant,2583,
1082,Dr. Linwood Gusikowski DDS,1305,
1083,Candida Roberts,189,
1084,Danny Schumm,2478,
1085,Marcos Blick,2290,
1086,Percival Moore,2788,
1087,Dr. Tracy Strosin,811,
1088,Bart Parker,1288,
1089,Mr. Carol Langworth II,1300,
1090,Jameson Ortiz,2536,
1091,Marilou Kirlin,1748,
1092,Colleen Prohaska,6,
1093,Melba Konopelski,1431,
1094,Demarco Predovic,1815,
1095,Cleveland Blick I,296,
1096,Faye Stehr,486,
1097,Arjun King,2385,
1098,Camron Bailey Jr.,21,
1099,Jamal Hudson,2899,
1100,Russell Eichmann,330,
1101,Tracy Stamm,2582,
1102,Dr. Kamren Hahn DVM,246,
1103,Prof. Camilla Stroman,2221,
1104,Gregorio Lemke,1229,
1105,Gladyce Runolfsdottir,2166,
1106,Mrs. Deborah Dietrich,2513,
1107,Kasandra Kiehn,2024,
1108,Mr. Edison Shields V,176,
1109,Kathlyn Russel,1708,
1110,Prof. Lavada Fahey,1,
1111,Arne Ratke Sr.,2404,
1112,Lourdes Hackett,2453,
1113,Aniyah Kulas,1569,
1114,Diana Durgan,1198,
1115,Horacio Johns,510,
1116,Constantin Nader,2362,
1117,Ova Boyer III,163,
1118,Dr. Adolf Satterfield,1336,
1119,Mrs. Helene Bernier II,1146,
1120,Sabrina Gottlieb DVM,749,
1121,Mr. Vaughn Batz,684,
1122,Frank Mitchell,2462,
1123,Kasey Schamberger,744,
1124,Verdie Hills,2287,
1125,Jenifer Beer,633,
1126,Harley Prosacco,1715,
1127,Fleta Roob,1567,
1128,Modesto Armstrong Sr.,239,
1129,Earnestine Mertz,2254,
1130,Mrs. Gudrun Sawayn,1112,
1131,Jonathan Hermiston DDS,128,
1132,Earlene Leffler Jr.,1158,
1133,Ashlynn Kris,2312,
1134,Ms. Emilie Stoltenberg Sr.,1440,
1135,Prof. Dejah Connelly,2365,
1136,Queen Kilback,1505,
1137,Clement Beahan,2060,
1138,Norbert Medhurst,24,
1139,Walker Greenholt,324,
1140,Jordane Klein,396,
1141,Dr. Dereck Dickinson,1272,
1142,Bette Ziemann,594,
1143,Michel Wiegand,1623,
1144,Prof. Riley Satterfield,681,
1145,Rocio Halvorson,1087,
1146,Kamille Rodriguez,95,
1147,Viviane Runolfsson,1739,
1148,Mr. Devin Kuhlman IV,976,
1149,Jett Ritchie,661,
1150,Trinity Harris,443,
1151,Dr. Toney Miller I,977,
1152,Nathanael Schmeler,1400,
1153,Percy Larkin Sr.,1971,
1154,Richmond Nienow,899,
1155,Felix Lynch,338,
1156,Keyshawn Rice Jr.,2051,
1157,Mr. Dominic Weimann,794,
1158,Ms. Raquel Hills I,67,
1159,Jazmin Raynor,1526,
1160,Miss Velma Considine V,2007,
1161,Gaetano Sauer,1475,
1162,Miss Kattie Miller V,2238,
1163,Nyasia Veum,676,
1164,Jett Altenwerth,342,
1165,Annabelle Cruickshank,1213,
1166,Noelia McKenzie V,489,
1167,Prof. Ashlynn Schuster DDS,2275,
1168,Prof. Yvonne Corwin,876,
1169,Prof. Yvette Lynch,132,
1170,Jarrell Miller,2395,
1171,Aurelie Raynor,2929,
1172,Prof. Elenor McGlynn,52,
1173,Evert Murphy,478,
1174,Arianna Jerde,2854,
1175,Berenice McGlynn,120,
1176,Prof. Henry Mayer,686,
1177,Dr. Eulalia Kutch,2418,
1178,Araceli Hintz,2026,
1179,Hailee Yost MD,135,
1180,Ms. Mellie Schamberger DVM,1283,
1181,Makayla Swaniawski,528,
1182,Jaydon Fahey II,773,
1183,Christ Wuckert,3,
1184,Terrance Quigley,2997,
1185,Cecelia Cassin,263,
1186,Edgardo D'Amore,2040,
1187,Bartholome Beier,2455,
1188,Dr. Francisco McCullough,1075,
1189,Connor Rogahn,1388,
1190,Millie Wunsch,766,
1191,Carolanne Bartell,481,
1192,Jovany Kling,1085,
1193,Ms. Meggie Bauch DDS,522,
1194,Miss Alexandra Mayer I,1522,
1195,Juston Rogahn I,1800,
1196,Mr. Devyn Harvey,1986,
1197,Dr. Daija Hilll,1763,
1198,Mr. August Prohaska PhD,1879,
1199,Zoe Prohaska DVM,2622,
1200,Mrs. Viola Koelpin,2336,
1201,Prof. Irwin Pagac DDS,2131,
1202,Prof. Darius Russel DVM,2741,
1203,Nigel Larkin DVM,2396,
1204,Mr. Colt Quigley,735,
1205,Hillard Doyle,649,
1206,Destany Wisoky,688,
1207,Josephine Kunde,2495,
1208,Margret Kassulke,803,
1209,Olin Grady,677,
1210,Hailee Lebsack,783,
1211,Rubie Schaden,2068,
1212,Henry Boyle,987,
1213,Prof. Chesley McCullough,912,
1214,Randi Quitzon PhD,2855,
1215,Evie Grady,1252,
1216,Donna Parisian,2324,
1217,Lloyd Dickinson,155,
1218,Nicholas Ortiz I,2839,
1219,Jarred Sanford,300,
1220,Geoffrey Larkin,1311,
1221,Rubie Kuvalis,644,
1222,Eliza Lebsack,2800,
1223,Kyla Kunze Jr.,2580,
1224,Grover Tremblay MD,3000,
1225,Keegan Mitchell,1484,
1226,Isabelle Crona,882,
1227,Leonora Harvey,2505,
1228,Candice Mitchell,1503,
1229,Ofelia Kihn,2364,
1230,Prof. Dale Hane PhD,1478,
1231,Israel Gibson,2779,
1232,Deon Mayer II,533,
1233,Dr. Lon Goldner,447,
1234,Monty Kertzmann,2092,
1235,Emmy Graham,243,
1236,Mose Powlowski Jr.,2310,
1237,Coralie Torphy,1170,
1238,Tessie Welch,2387,
1239,Polly Lehner PhD,2157,
1240,Werner Little,390,
1241,Zoie Franecki II,1407,
1242,Miss Kiana Cronin DDS,2770,
1243,Dr. Raina Heller V,657,
1244,Katelyn Dickens,2909,
1245,Dr. Braeden Romaguera,2307,
1246,Mr. Ansel Bergnaum II,313,
1247,Jared Heathcote,969,
1248,Nat Stokes Jr.,2617,
1249,Christa Gutkowski,2841,
1250,Jenifer Kozey,235,
1251,Loren Prosacco,2402,
1252,Prof. Adolfo Berge IV,1629,
1253,Loren Crist,529,
1254,Triston Bode,1726,
1255,Julia Considine Sr.,2836,
1256,Vidal Boyle,1666,
1257,Alessandra Legros,1851,
1258,Amely Gleichner,1954,
1259,Baby Heidenreich,2641,
1260,Dr. Jesse Lynch,2345,
1261,Mrs. Vivienne Blanda III,647,
1262,Ms. Irma Green MD,141,
1263,Rebeka Walsh I,2960,
1264,Mr. Frederic Spinka,1355,
1265,Nakia Dare,88,
1266,Dr. Vincenzo Donnelly PhD,2080,
1267,Dr. Emanuel Lynch,219,
1268,Mrs. Mollie Daugherty,957,
1269,Torrey Ortiz,1919,
1270,Mr. Shad Hettinger PhD,1236,
1271,Louvenia Bechtelar III,2339,
1272,Dr. Lexus Crona,584,
1273,Jarrod Gerhold,886,
1274,Mrs. Mossie Ernser,1855,
1275,Miss Aliya Rempel V,1621,
1276,Mrs. Audie Lakin,161,
1277,Claudine Metz Sr.,2291,
1278,Kristy Armstrong,2380,
1279,Mona Jacobson,2124,
1280,Germaine Rodriguez,552,
1281,Prof. Dillon Harber,1477,
1282,Eulalia Trantow,611,
1283,Elnora Kulas,2458,
1284,Mr. Cristian Stokes,2514,
1285,Jerrod Frami,954,
1286,Nicholas Marvin,2605,
1287,Ransom Schmeler,517,
1288,Mr. Keeley Dach,1304,
1289,Mr. Florian Ratke Sr.,186,
1290,Freeman Gerlach,631,
1291,Roberta Reynolds Jr.,1727,
1292,Adrian Nienow MD,1558,
1293,Dr. Candice Thompson MD,2586,
1294,Anita Bahringer I,2954,
1295,Zelda Bayer,2652,
1296,Bette Casper,2245,
1297,Ms. Katrina Deckow Sr.,1907,
1298,Enrique Parisian,2398,
1299,Dejuan Kuhn III,2554,
1300,Alta Trantow,665,
1301,Cathy Conroy,1257,
1302,Michele Funk,1764,
1303,Madeline Goldner,160,
1304,Prof. Raymundo Welch II,2802,
1305,Claude Leuschke,1719,
1306,Miss Una Ebert III,827,
1307,Shana Harris,2043,
1308,Nellie Grimes MD,1647,
1309,Miss Bonita Abbott DVM,322,
1310,Nichole Kihn,2103,
1311,Verna Jaskolski,2379,
1312,Holden Shanahan,410,
1313,Aidan Satterfield,2603,
1314,Ms. Shayna Rogahn DDS,1830,
1315,Nayeli Hauck,2104,
1316,Dr. Aurore Tromp,2075,
1317,Dr. Elvera Harber Sr.,2971,
1318,Imogene Abshire,401,
1319,Mr. Arturo Waters,2070,
1320,Maybell Langosh DDS,298,
1321,Sister Beer MD,140,
1322,Dr. Joesph Romaguera,184,
1323,Nadia Zulauf,395,
1324,Gabriel Trantow,863,
1325,Kraig Boyer,156,
1326,Kiel Kovacek,274,
1327,Dr. Delta Turner,2444,
1328,Agnes Borer,2416,
1329,Dr. Jaylon Schowalter I,532,
1330,Dejon Hermiston,1255,
1331,Geraldine Flatley,2128,
1332,Griffin DuBuque,1148,
1333,Madie Bartell,1094,
1334,Tremayne Pfannerstill,1950,
1335,Geo Torp,2647,
1336,Danyka Williamson,1067,
1337,Tad Hand,1225,
1338,Kenyatta Schulist,341,
1339,Katelynn Bernier MD,972,
1340,Emmett Glover,1551,
1341,Fae Monahan,1462,
1342,Laurianne Casper,1022,
1343,Humberto Parisian,2289,
1344,Aurore Nicolas,1812,
1345,Zoila Yundt DVM,2058,
1346,Marcel Connelly,2260,
1347,Prof. Spencer O'Connell I,1193,
1348,Ms. Antoinette Dooley,1960,
1349,Mr. Ralph Bechtelar,445,
1350,Prof. Annie Abshire,1979,
1351,Mrs. Lessie Hermiston,5,
1352,Mr. Adrian Borer,2640,
1353,Ms. Clarabelle Kuphal Jr.,315,
1354,Chaz Macejkovic,441,
1355,Mrs. Andreanne Turner,2493,
1356,Dr. Julien Stehr,1384,
1357,Ivy Schiller,434,
1358,Junius Cruickshank,118,
1359,Yasmine Dicki,2421,
1360,Brandon Shields,2797,
1361,Jaden Sauer,2020,
1362,Ardith Welch,312,
1363,Dr. Clementine Denesik,113,
1364,Citlalli Bode,2590,
1365,Adolf Schimmel,277,
1366,Dr. Elise Kshlerin,865,
1367,Violet Blanda,202,
1368,Trudie Morar,1161,
1369,Nikko Tremblay,1269,
1370,Aracely Bernhard,2173,
1371,Jeffry Wolff II,1679,
1372,Nora Beier,1247,
1373,Maxime Abshire,1414,
1374,Jaycee Walter PhD,2089,
1375,Lenore Harber,1983,
1376,Blair Bayer,2273,
1377,Kobe Boehm,2826,
1378,Dr. Laisha Beahan Sr.,1430,
1379,Idella Kiehn,1991,
1380,Roosevelt Littel,2105,
1381,Fredrick Johnson,121,
1382,Eric Barrows,408,
1383,Mr. Josh Boyer,880,
1384,Elmira Walter,1080,
1385,Pansy Konopelski,2284,
1386,Stuart Wisoky III,2702,
1387,Reid Cummings,1253,
1388,Dr. Rosie Bradtke,527,
1389,Melisa Becker,656,
1390,Elyssa Daniel,2660,
1391,Kenny Orn,422,
1392,Lera Mraz,2835,
1393,Mrs. Mittie Cole,1761,
1394,Luigi Monahan,884,
1395,Garth McLaughlin,1374,
1396,Dr. Dean Tillman III,1496,
1397,Dr. Wade Mayert IV,394,
1398,Noelia Marquardt,2408,
1399,Euna Armstrong,1108,
1400,Kaylah Zieme,595,
1401,Alfredo Gutkowski,203,
1402,Ms. Sasha Corkery,956,
1403,Prof. Roberto Jerde II,596,
1404,Rigoberto Lang,2816,
1405,Tremaine Bins,1659,
1406,Tiana Treutel,788,
1407,Reva Renner,1141,
1408,Claud Stanton,2017,
1409,Dr. Monica Mayert,1089,
1410,Blake Gaylord,829,
1411,Mr. Rocky Ankunding DDS,2659,
1412,Miss Rubye Zboncak III,2848,
1413,Miss Britney Bailey,1817,
1414,Alyce Orn,1808,
1415,Alexander Skiles,2581,
1416,Miss Lela Terry,2240,
1417,Alexa Cruickshank III,710,
1418,Luisa Schumm,2372,
1419,Sidney Satterfield,2135,
1420,Ms. Elva Prosacco Jr.,460,
1421,Jackeline Koepp DVM,523,
1422,Zane Wehner,221,
1423,Dr. Chase Brekke,1717,
1424,Hellen Bogan PhD,1290,
1425,Mellie Labadie Jr.,2497,
1426,Kaci Bahringer,1856,
1427,Dr. Reese Bahringer Jr.,2059,
1428,Selena Lang MD,2140,
1429,Dr. Glen Grimes Sr.,2893,
1430,Camilla Berge,2193,
1431,Philip Spinka,831,
1432,Ora Parker,2856,
1433,Mrs. Shaina Aufderhar III,2527,
1434,Lafayette Douglas,2743,
1435,Prof. Kaleigh Mitchell V,2968,
1436,Stanley Batz,901,
1437,Jonathon Wuckert,2585,
1438,Lavon Champlin,804,
1439,Dr. Cortez Carter,1181,
1440,Devin Wisozk,2486,
1441,Beatrice Botsford,1697,
1442,Royce Kulas,1945,
1443,Prof. Nicklaus Stracke,2143,
1444,Dr. Adelbert Senger III,332,
1445,Delilah Wilkinson,602,
1446,Prof. Dewayne Zieme III,329,
1447,Lisette Wyman MD,1663,
1448,Reuben Mraz,789,
1449,Dr. Kitty Dicki DVM,2109,
1450,Estel Balistreri III,1423,
1451,Miss Leonora Daugherty,2735,
1452,Mr. Connor Paucek Sr.,2928,
1453,Hardy Gutkowski Jr.,2110,
1454,Leilani Kling,1626,
1455,Della Zieme,257,
1456,Mrs. Hilma Nader,557,
1457,Jovani Legros,1624,
1458,Valentine Goodwin,848,
1459,Elliott Swift IV,2759,
1460,Prof. Ewald Tremblay,586,
1461,Juana Terry,2975,
1462,Paul Bernier,419,
1463,Mrs. Una Cartwright,2320,
1464,Dr. Colton Eichmann Sr.,83,
1465,Mellie Lindgren,294,
1466,Monique Hamill I,534,
1467,Kara Medhurst Jr.,2477,
1468,Daisha Bechtelar,115,
1469,Francesco Rodriguez Jr.,464,
1470,Demetrius Braun,2827,
1471,Cordelia Parisian,2517,
1472,Hazle Herman,653,
1473,Kaitlyn Osinski,2161,
1474,Dr. Deondre Kshlerin,2524,
1475,Brody Upton,2400,
1476,Magdalena Dare,1125,
1477,Ms. Maritza Hauck Jr.,1863,
1478,Prof. Rickie Goodwin Sr.,2195,
1479,Melvin Christiansen,59,
1480,Prof. Chris O'Hara,2807,
1481,George Kirlin,2197,
1482,Precious Ruecker,1873,
1483,Bonnie Marks,1824,
1484,Dr. Deon Hackett V,1187,
1485,Nelda Homenick,2119,
1486,Rylan Halvorson,1939,
1487,Dr. Sam Volkman,2589,
1488,Jason Dibbert,1899,
1489,Dr. Marco Lesch Sr.,1441,
1490,Miss Otha Lang,2085,
1491,Hulda Medhurst DVM,1298,
1492,Prof. Carmel Hermann,2215,
1493,Valentin Dickens,2090,
1494,Percival Greenholt,230,
1495,Modesto Klocko,1497,
1496,Mr. Hugh Gibson III,91,
1497,Miss Lorena Moore,1190,
1498,Francisco Cartwright,2123,
1499,Juwan Leuschke,1330,
1500,Eusebio Davis,375,
1501,Cruz Morar,2768,
1502,Helene Kris Sr.,1451,
1503,Keenan Kuphal,1425,
1504,Dalton Purdy,2750,
1505,Prof. Giovani Beahan I,1049,
1506,Alayna Goldner DDS,1749,
1507,Mireille Spinka,143,
1508,Rosalia Little III,2304,
1509,Prof. Mike Koelpin Jr.,137,
1510,Theresa Greenholt I,2297,
1511,Prof. Baron Kihn II,2817,
1512,Dr. Tobin Lang,2200,
1513,Prof. Herbert Emmerich Sr.,2340,
1514,Mr. Godfrey Kuvalis V,2746,
1515,Polly Franecki II,2311,
1516,Prof. Harmon Marvin Jr.,2726,
1517,Miss Karianne Wolf,2383,
1518,Allen Hackett,1721,
1519,Javon Rippin,592,
1520,Kayli Mohr II,2902,
1521,German Towne,1587,
1522,Olga Hills,2093,
1523,Norval Gaylord,2608,
1524,Elias Watsica,2710,
1525,Tyrell Cummerata,2133,
1526,Emilie Deckow,1897,
1527,Walter Murray,2593,
1528,Carolanne Lueilwitz Jr.,1222,
1529,Ms. Kassandra Ondricka,2046,
1530,Orland Bednar,2676,
1531,Laury Tremblay,1028,
1532,River Flatley,1970,
1533,Mrs. Shanelle O'Kon,1065,
1534,Adell Sporer PhD,1164,
1535,Terry DuBuque,719,
1536,Icie Howell V,1681,
1537,Tom Brown,2264,
1538,Jorge Runolfsson,1972,
1539,Miss Liliane McKenzie Jr.,1914,
1540,Ozella Wilkinson,2388,
1541,Stone Waelchi,2065,
1542,Prof. Enola White III,463,
1543,Haylee Shanahan,131,
1544,Margarette Gutkowski III,2049,
1545,Weldon Bashirian,2764,
1546,Mary Shanahan,142,
1547,Alexie Bernhard,2665,
1548,Destiney Murazik,2678,
1549,Prof. Esther Cole,264,
1550,Billie Osinski,452,
1551,Willa Bahringer,2892,
1552,Merlin Stracke,2262,
1553,Prof. Rickey Orn Jr.,2694,
1554,Prof. Ruben Prosacco,2777,
1555,Yazmin Keeling,1582,
1556,Dr. Kacie Bergnaum,808,
1557,Francisca Lesch,2062,
1558,Monique Jaskolski,439,
1559,Fritz Beier,2174,
1560,Mrs. Heloise Schowalter I,1001,
1561,Luz Ortiz,2906,
1562,Emmy Tillman Jr.,587,
1563,Mrs. Laurianne Murazik,1062,
1564,Cortez Shanahan,2806,
1565,Dario Williamson,2420,
1566,Valentin Predovic,349,
1567,Kolby Leffler V,2274,
1568,Sherman Labadie Sr.,172,
1569,Ofelia Klocko,931,
1570,Anthony Armstrong,1613,
1571,Mr. Lucio Anderson,2688,
1572,Mrs. Leilani Kerluke V,228,
1573,Keven Labadie,1668,
1574,Ms. Lessie Beier DDS,448,
1575,Ms. Kaelyn Watsica III,54,
1576,Ralph Medhurst Jr.,1966,
1577,Ephraim Blick,370,
1578,Kaci Ortiz I,1542,
1579,Ofelia Prosacco,2573,
1580,Dr. Juwan Wisozk,581,
1581,Citlalli Spencer,898,
1582,Edyth Becker,2196,
1583,Emmy Goodwin,2436,
1584,Bertram Christiansen,2818,
1585,Deangelo Dickens,2361,
1586,Jace Lindgren,1947,
1587,Rosalind Robel,738,
1588,Meggie Davis,2329,
1589,Prince Gorczany II,268,
1590,Frederique Abshire,1133,
1591,Heather Tremblay,984,
1592,Raegan Bechtelar,2773,
1593,Vida Hammes V,470,
1594,Osvaldo Koch,756,
1595,Dominic Conroy,1857,
1596,Raphaelle Reinger,467,
1597,Aubrey Gulgowski,343,
1598,Sincere Collins II,2520,
1599,Edison Christiansen,1310,
1600,Cortez Strosin,2373,
1601,Roosevelt Cremin,1013,
1602,Nicole Schultz,1696,
1603,Carissa Robel,1925,
1604,Dr. Lawrence Strosin,531,
1605,Kirsten Rempel,937,
1606,Napoleon Tromp,727,
1607,Colby Becker,286,
1608,Anibal Brekke,2449,
1609,Prof. Ena Kuphal PhD,2205,
1610,Kenyon Lehner I,538,
1611,Maudie Dickens Sr.,20,
1612,Elsa Trantow III,623,
1613,Annamae Daniel,2754,
1614,Ms. Madaline Goldner DDS,1618,
1615,Ellie Heidenreich,2742,
1616,Veronica Cummings,2064,
1617,Dillon Mante,2725,
1618,Will Predovic,2862,
1619,Thea Hyatt,2318,
1620,Kiana Schinner,35,
1621,Joy Sawayn,2354,
1622,Cristal Hartmann,355,
1623,Prof. Jaquan Fritsch,2326,
1624,Mrs. Rosetta Monahan MD,409,
1625,Savion Rath,1372,
1626,Keara McCullough,2515,
1627,Prof. Jeffrey Johnson Sr.,1051,
1628,Dr. Kyler Lakin,1555,
1629,Molly Padberg,2466,
1630,Emelie Homenick,2982,
1631,Ms. Lexie Rogahn Sr.,2631,
1632,Beth Abbott,153,
1633,Cruz Braun,421,
1634,Dee Heathcote Sr.,539,
1635,Dr. Maya Schneider Sr.,436,
1636,Prof. Patrick Dickinson Sr.,2214,
1637,Hallie Jacobson Jr.,1612,
1638,Prof. Lexie Reynolds,629,
1639,Miss Ima Fadel,1273,
1640,Antwan Moore III,1476,
1641,Ms. Audreanne Pfeffer,2917,
1642,Eveline Grant,1281,
1643,Dr. Foster Hermiston II,1507,
1644,Alphonso Gerlach,2967,
1645,Rylee Gutmann,1953,
1646,Makenzie Gutmann,2692,
1647,Mr. Kamryn Huel Jr.,1090,
1648,Mackenzie Orn,1084,
1649,Kristopher Emmerich,2100,
1650,Dr. Immanuel Towne DDS,101,
1651,Donnell Lueilwitz,1200,
1652,Brooks Runolfsson,31,
1653,Gwen Jacobs,907,
1654,Austin White,2459,
1655,Mr. Verner Kshlerin Sr.,265,
1656,Zakary O'Hara IV,578,
1657,Wilma Bins IV,2113,
1658,Dr. Mable Jacobson,1948,
1659,Ms. Daniela Jakubowski I,606,
1660,Jesus Beier,2557,
1661,Prof. Ethelyn Grady PhD,1737,
1662,Mr. Julio Zieme III,1364,
1663,Dahlia Wintheiser,828,
1664,Kian Lowe,178,
1665,Eliza Zemlak I,302,
1666,Scottie Lebsack,717,
1667,Edd Krajcik,1916,
1668,Carson Altenwerth V,2534,
1669,Kirsten Schamberger,1757,
1670,Johanna Bergstrom,1118,
1671,Ms. Patricia Block II,423,
1672,Amie Schaefer,2377,
1673,Angie Skiles,825,
1674,Daryl Sauer MD,774,
1675,Mrs. Mia Green,1244,
1676,Melvin Grant,1709,
1677,Johann Schroeder,2295,
1678,Malinda Carter,353,
1679,Prof. Jaquan Welch III,708,
1680,Terry Wintheiser III,2231,
1681,Jewell Stamm,2035,
1682,Mr. Ewald Kuphal Jr.,34,
1683,Antone Mayer,53,
1684,Jose Reilly,1059,
1685,Magali Leffler,1047,
1686,Judson Schulist,607,
1687,Miss Esther O'Reilly I,491,
1688,Lawson Koch,2565,
1689,Lucy Denesik,1864,
1690,Guillermo O'Conner,1801,
1691,Jedidiah Roob,2866,
1692,Orval Towne,1506,
1693,Gerardo Legros DDS,2473,
1694,Linda Dickinson,610,
1695,Alize Hilpert,1617,
1696,Ms. Beaulah Sauer,459,
1697,Christy Bode,1975,
1698,Katelin Davis,1171,
1699,Dr. Adolph Wintheiser,1135,
1700,Eudora Rutherford,32,
1701,Noe Blanda Sr.,1042,
1702,Dr. Luciano Hansen,2626,
1703,Reymundo Schiller,817,
1704,Brant McClure,261,
1705,Cristian Hermann,187,
1706,Mrs. Myrtice Schoen,1728,
1707,Winfield Yost,1294,
1708,Malcolm Keeling,1731,
1709,Mariano DuBuque,1631,
1710,Mr. Bennett Cole III,2606,
1711,Roberto McKenzie,2008,
1712,Dexter Oberbrunner,269,
1713,Orval Parisian,2988,
1714,Graham O'Connell,1491,
1715,Mr. Lesley Stoltenberg DVM,1390,
1716,Miss Eulah Russel,2435,
1717,Odie Schoen IV,757,
1718,Hailie Conn,966,
1719,Mrs. Antonietta Torphy I,2187,
1720,Mustafa Barrows,2876,
1721,Prof. Glennie Okuneva III,1324,
1722,Dameon Windler,1586,
1723,Dr. Cynthia Feest PhD,1608,
1724,Aurelio Torp,2546,
1725,Prof. Alene Baumbach DVM,2410,
1726,Miss Patience Hintz V,2251,
1727,Caleb Buckridge,1571,
1728,Jake Auer,1217,
1729,Tiara Barton,1071,
1730,Annamae Labadie,2796,
1731,Miss Fay Bogan,1469,
1732,Moises Hane MD,2036,
1733,Milton Gulgowski,1397,
1734,Adonis DuBuque DDS,2880,
1735,Kareem Mitchell,518,
1736,Chanel Fay,1349,
1737,Emerson Schimmel,1604,
1738,Miss Alivia Hintz MD,2249,
1739,Prof. Maverick Donnelly,392,
1740,Barbara Schiller,800,
1741,Mrs. Chanelle Ondricka,2868,
1742,Adelbert Beier,694,
1743,Mr. Darryl Okuneva,1839,
1744,Darien Koepp,1806,
1745,Lilyan Daniel,1724,
1746,Dr. Kariane Ankunding I,157,
1747,Ms. Tiana Dietrich III,1023,
1748,Kavon Wolff,1157,
1749,Dr. Abdul Shields,733,
1750,Lilian Kihn,2230,
1751,Duncan Bernhard,1280,
1752,Jodie O'Kon,226,
1753,Ms. Eleonore Dietrich Sr.,2241,
1754,Arthur Rice,1328,
1755,Dameon Lynch,2029,
1756,Miss Roxane Leannon DVM,2704,
1757,Carolina Predovic,722,
1758,Francesca Medhurst MD,2183,
1759,Sonia Hirthe,1893,
1760,Theodore Will,2762,
1761,Travon Hilpert IV,2781,
1762,Clifton Davis,1556,
1763,Prof. Elisa Turner,643,
1764,Marc Koepp,1829,
1765,Elmore Collier,1655,
1766,Stephanie Block PhD,2574,
1767,Meghan Champlin,2610,
1768,Mrs. Anya Kuhn,870,
1769,Vivienne Dickens I,2939,
1770,Dr. Leanne Parker Sr.,1818,
1771,Prof. Kevon Barrows,2913,
1772,Meggie Schaden,2160,
1773,Prof. Bo Muller MD,170,
1774,Dr. Brock Hackett PhD,846,
1775,Antonina Cole,1493,
1776,Bryon Koss,1650,
1777,Ms. Alexandrea Stanton,2908,
1778,Modesta Veum,1147,
1779,Mr. Orland Bins PhD,772,
1780,Mrs. Otha Stanton,1521,
1781,Vesta Feeney,1997,
1782,Mr. Jillian Romaguera,1703,
1783,Evalyn Cronin PhD,188,
1784,Mrs. Joana Hauck I,299,
1785,Dr. Daniella Weimann,1098,
1786,Dr. Morgan Hettinger III,2446,
1787,Lempi Mayert,1906,
1788,Kallie Schneider,2057,
1789,Alford Price,559,
1790,Dr. Tatum Gibson,397,
1791,Ken Cummings Jr.,2474,
1792,Ms. Zoila Bauch Sr.,30,
1793,Emery Klein,919,
1794,Rashawn Muller,1937,
1795,Mossie Runolfsdottir,739,
1796,Mariela Prohaska,1422,
1797,Jeanne Windler,981,
1798,Chet Kuhn,2357,
1799,Mr. Walker Flatley Sr.,1826,
1800,Nathen Hickle,2718,
1801,Jude Schneider II,1316,
1802,Roselyn Steuber,2014,
1803,Mrs. Myra Pfeffer,571,
1804,Mr. Keagan Corkery,2543,
1805,Armando Powlowski DVM,2094,
1806,Amely Conroy,168,
1807,Lenore O'Keefe,159,
1808,Ms. Lia Schamberger,582,
1809,Ines Kshlerin DDS,2095,
1810,Erna Pouros,214,
1811,Eliseo Gerhold,1378,
1812,Alyce Kreiger,465,
1813,Malcolm Ward,664,
1814,Elisabeth Sawayn,2286,
1815,Abigail Mayert,1050,
1816,Dr. Rosalinda King III,1917,
1817,Genevieve Goodwin,1322,
1818,Gudrun Johnson II,2381,
1819,Rahul Moore II,1150,
1820,Jacquelyn Donnelly,1685,
1821,Ashleigh Kreiger,809,
1822,Mr. Favian Windler,2881,
1823,Deven Muller DVM,1671,
1824,Garett Beahan,466,
1825,Benedict Vandervort,2670,
1826,Sadye Block PhD,702,
1827,Mr. Stephon Haley I,506,
1828,Candido Kautzer Sr.,2447,
1829,Twila Koch,641,
1830,Dr. Jovany Miller Jr.,2790,
1831,Mr. Tad Haag,1625,
1832,Hans Gusikowski,1977,
1833,Tod Schumm DVM,81,
1834,Isabella Anderson,1152,
1835,Raina Hudson,2352,
1836,Madelynn Sanford,2643,
1837,Suzanne Schinner MD,555,
1838,Miss Sasha Langworth,1886,
1839,Vaughn Glover DVM,1559,
1840,Israel Conn Jr.,430,
1841,Claud Dickinson,2629,
1842,Enos Kulas,2037,
1843,Prof. Carter Mohr IV,636,
1844,Dr. Adrian Conn,1602,
1845,Prof. Elliott Lind II,413,
1846,Ms. Judy Larkin,2523,
1847,Kathryn Watsica,1894,
1848,Ms. Dariana Dietrich,763,
1849,Dr. Freeda Will,2204,
1850,Jaeden Dietrich,19,
1851,Dr. Darrick Schaefer,2025,
1852,Oswaldo Nitzsche,279,
1853,Mr. Junius Wiegand,357,
1854,Rodolfo Rowe,839,
1855,Jermaine Jaskolski Sr.,758,
1856,Mr. Alejandrin Parisian,1003,
1857,Yvonne Hamill,553,
1858,Angelica Wuckert,2936,
1859,Mr. Malcolm Buckridge,1212,
1860,Aiden Fahey,43,
1861,Royal Sauer III,526,
1862,Libby Kuhlman DDS,754,
1863,Jordyn Schumm,1419,
1864,Prof. Floy Kirlin,626,
1865,Elna Schultz,2804,
1866,Calista Miller,703,
1867,Mrs. Allene Bergnaum DVM,512,
1868,Adonis Trantow,457,
1869,Arturo Ankunding,2403,
1870,Ila Wisozk,248,
1871,Mrs. Frieda Cole II,836,
1872,Vladimir Mante,2099,
1873,Geoffrey Schneider,1492,
1874,Zachariah Emmerich,1081,
1875,Della Rogahn,1038,
1876,Rogelio Reichert,2675,
1877,Mrs. Eve Schuster,328,
1878,Tyrique O'Conner,621,
1879,Joelle Johnson,1793,
1880,Tobin Ondricka,1616,
1881,Maryjane Rogahn,2614,
1882,Rosalyn Carroll,2563,
1883,Shane Parisian DVM,1040,
1884,Clarissa Rutherford,816,
1885,Deven Mills,834,
1886,Daron Kilback Jr.,2907,
1887,Petra Considine,2237,
1888,Prof. Cody Muller,417,
1889,Gabriella Kertzmann I,1620,
1890,Mr. Ephraim Abernathy PhD,334,
1891,Mr. Jamey Mraz I,270,
1892,Demetris Littel MD,485,
1893,Mortimer Kub,2953,
1894,Dorris Kozey,731,
1895,Prof. Monroe Armstrong,1312,
1896,Keshaun Cassin,1653,
1897,Bertram Rodriguez,480,
1898,Leslie Kirlin,1208,
1899,Armand Smith Sr.,1401,
1900,Daniella Erdman,2938,
1901,Kade Conn III,366,
1902,Ms. Creola Marvin,2977,
1903,Flavie Reynolds,1963,
1904,Francisco Kertzmann,2763,
1905,Liana Sipes,2244,
1906,Daphnee Berge Sr.,289,
1907,Viola Keebler,2944,
1908,Dr. Deangelo West,1270,
1909,Prof. Zion Spencer V,2745,
1910,Bryon Kuhlman,2302,
1911,Clemmie Lebsack,1530,
1912,Rebecca Bogisich,1111,
1913,Mrs. Brigitte Schultz I,1759,
1914,Prof. Dewayne Towne,1144,
1915,Dr. August Graham,1443,
1916,Noemy Spinka,211,
1917,Cassandra Morar,2532,
1918,Colleen Vandervort,746,
1919,Kyla Bradtke,490,
1920,Dr. Rhoda Lynch,1795,
1921,Dr. Jett West III,1933,
1922,Hector Gulgowski,2301,
1923,Prof. Juliana Mueller IV,1998,
1924,America Schaden DDS,1268,
1925,Mr. Janick Herzog,117,
1926,Dr. Dawn Smith,1258,
1927,Lucious Kuhlman,616,
1928,Audreanne Eichmann II,1845,
1929,Dr. Jake Hessel,2464,
1930,Mrs. Johanna Johnston DDS,311,
1931,Noemi Romaguera,583,
1932,Sanford Leuschke,807,
1933,Ashleigh Lind,1307,
1934,Milo Monahan,1902,
1935,Maybelle Lehner,38,
1936,Miss Berenice Aufderhar,852,
1937,Ezekiel Terry,2686,
1938,Meaghan Hagenes,1918,
1939,Weldon Frami,2088,
1940,Frederic Kozey,224,
1941,Mr. Rogelio Pagac,1524,
1942,Ms. Minerva Hegmann,376,
1943,Irma Roob,73,
1944,Mrs. Albina Wisoky,378,
1945,Michel Cruickshank,979,
1946,Frederik Wuckert,49,
1947,Alden Davis MD,1292,
1948,Carey Berge II,1391,
1949,Georgiana Kuhic,1363,
1950,Connie Ledner,2948,
1951,Prof. Martina Roob DDS,1416,
1952,Dr. Lenny Johnston PhD,195,
1953,Ivah Schulist,856,
1954,Ada Swift,2489,
1955,Dr. Peggie Abbott,551,
1956,Ms. Elsie Hackett IV,2588,
1957,Ralph Ernser MD,2227,
1958,Mrs. Cortney Flatley DDS,591,
1959,Jesus Cummings,185,
1960,Miss Leila Bartoletti,1565,
1961,Jaylin Bergnaum,2048,
1962,Aliya Buckridge,2847,
1963,Mr. Chadd Cole DDS,2575,
1964,Krystel Bechtelar,2484,
1965,Dominic Schinner,1835,
1966,Bobbie Glover,505,
1967,Prof. Malachi Jacobs,2570,
1968,Laurel Gislason,793,
1969,Victoria Swift Sr.,1263,
1970,Claud Jacobi,2067,
1971,Wilfred Yundt IV,65,
1972,Miss Chyna Gislason,2780,
1973,Lois Leuschke,2830,
1974,Brody Goodwin,249,
1975,Prof. Mose Sauer DDS,609,
1976,Jaylin Huels IV,732,
1977,Pedro Jones I,2350,
1978,Claire Swaniawski,926,
1979,Claudie Schaden,435,
1980,Dexter Weimann,995,
1981,Alexandro Russel,2066,
1982,Marques Stroman III,2630,
1983,Dr. Lauryn Bechtelar Jr.,891,
1984,Geovanni Haley,42,
1985,Mr. Ramiro Turner,2261,
1986,Elna Collier,1511,
1987,Edwin Okuneva,1174,
1988,Ali Kertzmann,2872,
1989,Ray Jacobson,2636,
1990,Scottie Gusikowski,18,
1991,Bridgette Rippin,1762,
1992,Kristin Balistreri,2129,
1993,Mrs. Joanie Beier,1072,
1994,Sandy West,1928,
1995,Ricardo Cruickshank,709,
1996,Angelina O'Connell,950,
1997,Jamie Yundt,1910,
1998,Miss Jacky Roberts,166,
1999,Mr. Marty Gerlach DDS,2657,
2000,Erick West,2467,
